<?xml version="1.0"?>
<Table>
<Map><Unicode>0B950BCD0BB70BCC</Unicode><This>006B1E6300610075</This></Map>
<Map><Unicode>0B950BCD0BB70BC8</Unicode><This>006B1E6300610069</This></Map>
<Map><Unicode>0B950BCD0BB70BCB</Unicode><This>006B1E63014D</This></Map>
<Map><Unicode>0BA30BCC</Unicode><This>1E4700610075</This></Map>
<Map><Unicode>0BB20BCC</Unicode><This>006C00610075</This></Map>
<Map><Unicode>0BB10BCC</Unicode><This>1E5F00610075</This></Map>
<Map><Unicode>0BB00BCC</Unicode><This>007200610075</This></Map>
<Map><Unicode>0BB50BCC</Unicode><This>007600610075</This></Map>
<Map><Unicode>0BB30BCC</Unicode><This>1E3700610075</This></Map>
<Map><Unicode>0B9A0BCC</Unicode><This>006300610075</This></Map>
<Map><Unicode>0B9E0BCC</Unicode><This>00F100610075</This></Map>
<Map><Unicode>0BB70BCC</Unicode><This>1E6300610075</This></Map>
<Map><Unicode>0B9F0BCC</Unicode><This>1E6D00610075</This></Map>
<Map><Unicode>0BAE0BCC</Unicode><This>006D00610075</This></Map>
<Map><Unicode>0BA40BCC</Unicode><This>007400610075</This></Map>
<Map><Unicode>0BB40BCC</Unicode><This>1E3B00610075</This></Map>
<Map><Unicode>0BAA0BCC</Unicode><This>007000610075</This></Map>
<Map><Unicode>0B950BCC</Unicode><This>006B00610075</This></Map>
<Map><Unicode>0BA80BCC</Unicode><This>006E00610075</This></Map>
<Map><Unicode>0BA90BCC</Unicode><This>1E4900610075</This></Map>
<Map><Unicode>0B950BCD0BB70BCA</Unicode><This>006B1E63006F</This></Map>
<Map><Unicode>0BAF0BCC</Unicode><This>007900610075</This></Map>
<Map><Unicode>0BB90BCC</Unicode><This>006800610075</This></Map>
<Map><Unicode>0B990BCC</Unicode><This>1E4500610075</This></Map>
<Map><Unicode>0BB80BCC</Unicode><This>007300610075</This></Map>
<Map><Unicode>0B9C0BCC</Unicode><This>006A00610075</This></Map>
<Map><Unicode>0B950BCD0BB70BC7</Unicode><This>006B1E630113</This></Map>
<Map><Unicode>0BA30BC8</Unicode><This>1E4700610069</This></Map>
<Map><Unicode>0BB20BC8</Unicode><This>006C00610069</This></Map>
<Map><Unicode>0BB10BC8</Unicode><This>1E5F00610069</This></Map>
<Map><Unicode>0BB00BC8</Unicode><This>007200610069</This></Map>
<Map><Unicode>0BB50BC8</Unicode><This>007600610069</This></Map>
<Map><Unicode>0BB30BC8</Unicode><This>1E3700610069</This></Map>
<Map><Unicode>0B9A0BC8</Unicode><This>006300610069</This></Map>
<Map><Unicode>0B9E0BC8</Unicode><This>00F100610069</This></Map>
<Map><Unicode>0BB70BC8</Unicode><This>1E6300610069</This></Map>
<Map><Unicode>0B9F0BC8</Unicode><This>1E6D00610069</This></Map>
<Map><Unicode>0BAE0BC8</Unicode><This>006D00610069</This></Map>
<Map><Unicode>0BA40BC8</Unicode><This>007400610069</This></Map>
<Map><Unicode>0BB40BC8</Unicode><This>1E3B00610069</This></Map>
<Map><Unicode>0BAA0BC8</Unicode><This>007000610069</This></Map>
<Map><Unicode>0B950BC8</Unicode><This>006B00610069</This></Map>
<Map><Unicode>0BA80BC8</Unicode><This>006E00610069</This></Map>
<Map><Unicode>0BA90BC8</Unicode><This>1E4900610069</This></Map>
<Map><Unicode>0BAF0BC8</Unicode><This>007900610069</This></Map>
<Map><Unicode>0BB90BC8</Unicode><This>006800610069</This></Map>
<Map><Unicode>0B990BC8</Unicode><This>1E4500610069</This></Map>
<Map><Unicode>0BB80BC8</Unicode><This>007300610069</This></Map>
<Map><Unicode>0B9C0BC8</Unicode><This>006A00610069</This></Map>
<Map><Unicode>0B950BCD0BB70BBE</Unicode><This>006B1E630101</This></Map>
<Map><Unicode>0B950BCD0BB70BC6</Unicode><This>006B1E630065</This></Map>
<Map><Unicode>0B950BCD0BB70BC2</Unicode><This>006B1E63016B</This></Map>
<Map><Unicode>0B950BCD0BB70BC1</Unicode><This>006B1E630075</This></Map>
<Map><Unicode>0B950BCD0BB70BBF</Unicode><This>006B1E630069</This></Map>
<Map><Unicode>0B950BCD0BB70BC0</Unicode><This>006B1E63012B</This></Map>
<Map><Unicode>0B950BCD0BB7</Unicode><This>006B1E630061</This></Map>
<Map><Unicode>0BB80BCD0BB00BC0</Unicode><This>01610072012B</This></Map>
<Map><Unicode>0BB30BCB</Unicode><This>1E37014D</This></Map>
<Map><Unicode>0BB30BCA</Unicode><This>1E37006F</This></Map>
<Map><Unicode>0BB30BBE</Unicode><This>1E370101</This></Map>
<Map><Unicode>0BB30BBF</Unicode><This>1E370069</This></Map>
<Map><Unicode>0BB30BC0</Unicode><This>1E37012B</This></Map>
<Map><Unicode>0BA30BCB</Unicode><This>1E47014D</This></Map>
<Map><Unicode>0BB20BCB</Unicode><This>006C014D</This></Map>
<Map><Unicode>0BB10BCB</Unicode><This>1E5F014D</This></Map>
<Map><Unicode>0BB00BCB</Unicode><This>0072014D</This></Map>
<Map><Unicode>0BB50BCB</Unicode><This>0076014D</This></Map>
<Map><Unicode>0B9A0BCB</Unicode><This>0063014D</This></Map>
<Map><Unicode>0B9E0BCB</Unicode><This>00F1014D</This></Map>
<Map><Unicode>0BB70BCB</Unicode><This>1E63014D</This></Map>
<Map><Unicode>0B9F0BCB</Unicode><This>1E6D014D</This></Map>
<Map><Unicode>0BAE0BCB</Unicode><This>006D014D</This></Map>
<Map><Unicode>0BA40BCB</Unicode><This>0074014D</This></Map>
<Map><Unicode>0BB40BCB</Unicode><This>1E3B014D</This></Map>
<Map><Unicode>0BAA0BCB</Unicode><This>0070014D</This></Map>
<Map><Unicode>0B950BCB</Unicode><This>006B014D</This></Map>
<Map><Unicode>0BA80BCB</Unicode><This>006E014D</This></Map>
<Map><Unicode>0BA90BCB</Unicode><This>1E49014D</This></Map>
<Map><Unicode>0BAF0BCB</Unicode><This>0079014D</This></Map>
<Map><Unicode>0BB90BCB</Unicode><This>0068014D</This></Map>
<Map><Unicode>0B990BCB</Unicode><This>1E45014D</This></Map>
<Map><Unicode>0BB80BCB</Unicode><This>0073014D</This></Map>
<Map><Unicode>0B9C0BCB</Unicode><This>006A014D</This></Map>
<Map><Unicode>0BA30BCA</Unicode><This>1E47006F</This></Map>
<Map><Unicode>0BB20BCA</Unicode><This>006C006F</This></Map>
<Map><Unicode>0BB10BCA</Unicode><This>1E5F006F</This></Map>
<Map><Unicode>0BB00BCA</Unicode><This>0072006F</This></Map>
<Map><Unicode>0BB50BCA</Unicode><This>0076006F</This></Map>
<Map><Unicode>0B9A0BCA</Unicode><This>0063006F</This></Map>
<Map><Unicode>0B9E0BCA</Unicode><This>00F1006F</This></Map>
<Map><Unicode>0BB70BCA</Unicode><This>1E63006F</This></Map>
<Map><Unicode>0B9F0BCA</Unicode><This>1E6D006F</This></Map>
<Map><Unicode>0BAE0BCA</Unicode><This>006D006F</This></Map>
<Map><Unicode>0BA40BCA</Unicode><This>0074006F</This></Map>
<Map><Unicode>0BB40BCA</Unicode><This>1E3B006F</This></Map>
<Map><Unicode>0BAA0BCA</Unicode><This>0070006F</This></Map>
<Map><Unicode>0B950BCA</Unicode><This>006B006F</This></Map>
<Map><Unicode>0BA80BCA</Unicode><This>006E006F</This></Map>
<Map><Unicode>0BA90BCA</Unicode><This>1E49006F</This></Map>
<Map><Unicode>0BAF0BCA</Unicode><This>0079006F</This></Map>
<Map><Unicode>0BB90BCA</Unicode><This>0068006F</This></Map>
<Map><Unicode>0B990BCA</Unicode><This>1E45006F</This></Map>
<Map><Unicode>0BB80BCA</Unicode><This>0073006F</This></Map>
<Map><Unicode>0B9C0BCA</Unicode><This>006A006F</This></Map>
<Map><Unicode>0BA30BBE</Unicode><This>1E470101</This></Map>
<Map><Unicode>0BB20BBE</Unicode><This>006C0101</This></Map>
<Map><Unicode>0B94</Unicode><This>00610075</This></Map>
<Map><Unicode>0BB10BBE</Unicode><This>1E5F0101</This></Map>
<Map><Unicode>0BB00BBE</Unicode><This>00720101</This></Map>
<Map><Unicode>0BB50BBE</Unicode><This>00760101</This></Map>
<Map><Unicode>0B9A0BBE</Unicode><This>00630101</This></Map>
<Map><Unicode>0B9E0BBE</Unicode><This>00F10101</This></Map>
<Map><Unicode>0BB70BBE</Unicode><This>1E630101</This></Map>
<Map><Unicode>0BB70BC2</Unicode><This>1E63016B</This></Map>
<Map><Unicode>0BB70BC1</Unicode><This>1E630075</This></Map>
<Map><Unicode>0BA30BC7</Unicode><This>1E470113</This></Map>
<Map><Unicode>0BB20BC7</Unicode><This>006C0113</This></Map>
<Map><Unicode>0BB10BC7</Unicode><This>1E5F0113</This></Map>
<Map><Unicode>0BB00BC7</Unicode><This>00720113</This></Map>
<Map><Unicode>0BB50BC7</Unicode><This>00760113</This></Map>
<Map><Unicode>0BB30BC7</Unicode><This>1E370113</This></Map>
<Map><Unicode>0B9A0BC7</Unicode><This>00630113</This></Map>
<Map><Unicode>0B9E0BC7</Unicode><This>00F10113</This></Map>
<Map><Unicode>0BB70BC7</Unicode><This>1E630113</This></Map>
<Map><Unicode>0B9F0BC7</Unicode><This>1E6D0113</This></Map>
<Map><Unicode>0BAE0BC7</Unicode><This>006D0113</This></Map>
<Map><Unicode>0BA40BC7</Unicode><This>00740113</This></Map>
<Map><Unicode>0BB40BC7</Unicode><This>1E3B0113</This></Map>
<Map><Unicode>0BAA0BC7</Unicode><This>00700113</This></Map>
<Map><Unicode>0B950BC7</Unicode><This>006B0113</This></Map>
<Map><Unicode>0BA80BC7</Unicode><This>006E0113</This></Map>
<Map><Unicode>0BA90BC7</Unicode><This>1E490113</This></Map>
<Map><Unicode>0BAF0BC7</Unicode><This>00790113</This></Map>
<Map><Unicode>0BB90BC7</Unicode><This>00680113</This></Map>
<Map><Unicode>0B990BC7</Unicode><This>1E450113</This></Map>
<Map><Unicode>0BB80BC7</Unicode><This>00730113</This></Map>
<Map><Unicode>0B9C0BC7</Unicode><This>006A0113</This></Map>
<Map><Unicode>0B9F0BBE</Unicode><This>1E6D0101</This></Map>
<Map><Unicode>0BAE0BBE</Unicode><This>006D0101</This></Map>
<Map><Unicode>0BA40BBE</Unicode><This>00740101</This></Map>
<Map><Unicode>0BB40BBE</Unicode><This>1E3B0101</This></Map>
<Map><Unicode>0BAA0BBE</Unicode><This>00700101</This></Map>
<Map><Unicode>0B950BBE</Unicode><This>006B0101</This></Map>
<Map><Unicode>0BA80BBE</Unicode><This>006E0101</This></Map>
<Map><Unicode>0BA90BBE</Unicode><This>1E490101</This></Map>
<Map><Unicode>0BA30BC6</Unicode><This>1E470065</This></Map>
<Map><Unicode>0BB20BC6</Unicode><This>006C0065</This></Map>
<Map><Unicode>0BB10BC6</Unicode><This>1E5F0065</This></Map>
<Map><Unicode>0BB00BC6</Unicode><This>00720065</This></Map>
<Map><Unicode>0BB50BC6</Unicode><This>00760065</This></Map>
<Map><Unicode>0BB30BC6</Unicode><This>1E370065</This></Map>
<Map><Unicode>0B9A0BC6</Unicode><This>00630065</This></Map>
<Map><Unicode>0B9E0BC6</Unicode><This>00F10065</This></Map>
<Map><Unicode>0BB70BC6</Unicode><This>1E630065</This></Map>
<Map><Unicode>0B9F0BC6</Unicode><This>1E6D0065</This></Map>
<Map><Unicode>0BAE0BC6</Unicode><This>006D0065</This></Map>
<Map><Unicode>0BA40BC6</Unicode><This>00740065</This></Map>
<Map><Unicode>0BB40BC6</Unicode><This>1E3B0065</This></Map>
<Map><Unicode>0BAA0BC6</Unicode><This>00700065</This></Map>
<Map><Unicode>0B950BC6</Unicode><This>006B0065</This></Map>
<Map><Unicode>0BA80BC6</Unicode><This>006E0065</This></Map>
<Map><Unicode>0BA90BC6</Unicode><This>1E490065</This></Map>
<Map><Unicode>0BAF0BC6</Unicode><This>00790065</This></Map>
<Map><Unicode>0BB90BC6</Unicode><This>00680065</This></Map>
<Map><Unicode>0B990BC6</Unicode><This>1E450065</This></Map>
<Map><Unicode>0BB80BC6</Unicode><This>00730065</This></Map>
<Map><Unicode>0B9C0BC6</Unicode><This>006A0065</This></Map>
<Map><Unicode>0BAF0BBE</Unicode><This>00790101</This></Map>
<Map><Unicode>0BB90BBE</Unicode><This>00680101</This></Map>
<Map><Unicode>0BB90BC2</Unicode><This>0068016B</This></Map>
<Map><Unicode>0BB90BC1</Unicode><This>00680075</This></Map>
<Map><Unicode>0B990BBE</Unicode><This>1E450101</This></Map>
<Map><Unicode>0BB80BBE</Unicode><This>00730101</This></Map>
<Map><Unicode>0BB80BC2</Unicode><This>0073016B</This></Map>
<Map><Unicode>0BB80BC1</Unicode><This>00730075</This></Map>
<Map><Unicode>0B9C0BBE</Unicode><This>006A0101</This></Map>
<Map><Unicode>0B9C0BC2</Unicode><This>006A016B</This></Map>
<Map><Unicode>0B9C0BC1</Unicode><This>006A0075</This></Map>
<Map><Unicode>0BA3</Unicode><This>1E470061</This></Map>
<Map><Unicode>0BB20BC2</Unicode><This>006C016B</This></Map>
<Map><Unicode>0BB20BC1</Unicode><This>006C0075</This></Map>
<Map><Unicode>0BB2</Unicode><This>006C0061</This></Map>
<Map><Unicode>0BB10BC1</Unicode><This>1E5F0075</This></Map>
<Map><Unicode>0BB1</Unicode><This>1E5F0061</This></Map>
<Map><Unicode>0BA90BC0</Unicode><This>1E49012B</This></Map>
<Map><Unicode>0BA80BC2</Unicode><This>006E016B</This></Map>
<Map><Unicode>0BAE0BC0</Unicode><This>006D012B</This></Map>
<Map><Unicode>0BA30BC2</Unicode><This>1E47016B</This></Map>
<Map><Unicode>0BA30BC0</Unicode><This>1E47012B</This></Map>
<Map><Unicode>0BB10BC2</Unicode><This>1E5F016B</This></Map>
<Map><Unicode>0BA80BC0</Unicode><This>006E012B</This></Map>
<Map><Unicode>0B9E0BC2</Unicode><This>00F1016B</This></Map>
<Map><Unicode>0BB00BC1</Unicode><This>00720075</This></Map>
<Map><Unicode>0BB0</Unicode><This>00720061</This></Map>
<Map><Unicode>0B950BC2</Unicode><This>006B016B</This></Map>
<Map><Unicode>0BB5</Unicode><This>00760061</This></Map>
<Map><Unicode>0BB00BC0</Unicode><This>0072012B</This></Map>
<Map><Unicode>0BB30BC1</Unicode><This>1E370075</This></Map>
<Map><Unicode>0BB3</Unicode><This>1E370061</This></Map>
<Map><Unicode>0B9A0BC1</Unicode><This>00630075</This></Map>
<Map><Unicode>0B9A</Unicode><This>00630061</This></Map>
<Map><Unicode>0BA30BC1</Unicode><This>1E470075</This></Map>
<Map><Unicode>0BB30BC2</Unicode><This>1E37016B</This></Map>
<Map><Unicode>0BAF0BC0</Unicode><This>0079012B</This></Map>
<Map><Unicode>0B9E</Unicode><This>00F10061</This></Map>
<Map><Unicode>0B9E0BC0</Unicode><This>00F1012B</This></Map>
<Map><Unicode>0BAA0BC0</Unicode><This>0070012B</This></Map>
<Map><Unicode>0BB7</Unicode><This>1E630061</This></Map>
<Map><Unicode>0BB10BC0</Unicode><This>1E5F012B</This></Map>
<Map><Unicode>0BA40BC2</Unicode><This>0074016B</This></Map>
<Map><Unicode>0BA40BC0</Unicode><This>0074012B</This></Map>
<Map><Unicode>0BAF0BC2</Unicode><This>0079016B</This></Map>
<Map><Unicode>0BAA0BC1</Unicode><This>00700075</This></Map>
<Map><Unicode>0B9A0BC0</Unicode><This>0063012B</This></Map>
<Map><Unicode>0BAA0BC2</Unicode><This>0070016B</This></Map>
<Map><Unicode>0B950BCD0BB70BCD</Unicode><This>006B1E63</This></Map>
<Map><Unicode>0B9F0BBF</Unicode><This>1E6D0069</This></Map>
<Map><Unicode>0B9F0BC0</Unicode><This>1E6D012B</This></Map>
<Map><Unicode>0B950BC0</Unicode><This>006B012B</This></Map>
<Map><Unicode>0BB50BC2</Unicode><This>0076016B</This></Map>
<Map><Unicode>0B9A0BC2</Unicode><This>0063016B</This></Map>
<Map><Unicode>0B9F0BC1</Unicode><This>1E6D0075</This></Map>
<Map><Unicode>0B9F</Unicode><This>1E6D0061</This></Map>
<Map><Unicode>0BAE0BC1</Unicode><This>006D0075</This></Map>
<Map><Unicode>0BAE</Unicode><This>006D0061</This></Map>
<Map><Unicode>0BA40BC1</Unicode><This>00740075</This></Map>
<Map><Unicode>0BA4</Unicode><This>00740061</This></Map>
<Map><Unicode>0BB90BBF</Unicode><This>00680069</This></Map>
<Map><Unicode>0BB70BBF</Unicode><This>1E630069</This></Map>
<Map><Unicode>0BB50BC1</Unicode><This>00760075</This></Map>
<Map><Unicode>0BB80BBF</Unicode><This>00730069</This></Map>
<Map><Unicode>0B9C0BBF</Unicode><This>006A0069</This></Map>
<Map><Unicode>0BAF0BC1</Unicode><This>00790075</This></Map>
<Map><Unicode>0B90</Unicode><This>00610069</This></Map>
<Map><Unicode>0BB4</Unicode><This>1E3B0061</This></Map>
<Map><Unicode>0BB40BC1</Unicode><This>1E3B0075</This></Map>
<Map><Unicode>0BAA</Unicode><This>00700061</This></Map>
<Map><Unicode>0B950BC1</Unicode><This>006B0075</This></Map>
<Map><Unicode>0B95</Unicode><This>006B0061</This></Map>
<Map><Unicode>0BB90BC0</Unicode><This>0068012B</This></Map>
<Map><Unicode>0BB40BBF</Unicode><This>1E3B0069</This></Map>
<Map><Unicode>0BB70BC0</Unicode><This>1E63012B</This></Map>
<Map><Unicode>0BB20BBF</Unicode><This>006C0069</This></Map>
<Map><Unicode>0BB80BC0</Unicode><This>0073012B</This></Map>
<Map><Unicode>0BB50BBF</Unicode><This>00760069</This></Map>
<Map><Unicode>0B9C0BC0</Unicode><This>006A012B</This></Map>
<Map><Unicode>0BA80BC1</Unicode><This>006E0075</This></Map>
<Map><Unicode>0BA8</Unicode><This>006E0061</This></Map>
<Map><Unicode>0BA90BC1</Unicode><This>1E490075</This></Map>
<Map><Unicode>0BA9</Unicode><This>1E490061</This></Map>
<Map><Unicode>0BB00BBF</Unicode><This>00720069</This></Map>
<Map><Unicode>0BAF0BBF</Unicode><This>00790069</This></Map>
<Map><Unicode>0BB40BC0</Unicode><This>1E3B012B</This></Map>
<Map><Unicode>0BA90BBF</Unicode><This>1E490069</This></Map>
<Map><Unicode>0BB50BC0</Unicode><This>0076012B</This></Map>
<Map><Unicode>0BA80BBF</Unicode><This>006E0069</This></Map>
<Map><Unicode>0BAA0BBF</Unicode><This>00700069</This></Map>
<Map><Unicode>0BAE0BBF</Unicode><This>006D0069</This></Map>
<Map><Unicode>0BB20BC0</Unicode><This>006C012B</This></Map>
<Map><Unicode>0BA30BBF</Unicode><This>1E470069</This></Map>
<Map><Unicode>0BA40BBF</Unicode><This>00740069</This></Map>
<Map><Unicode>0B990BBF</Unicode><This>1E450069</This></Map>
<Map><Unicode>0B9A0BBF</Unicode><This>00630069</This></Map>
<Map><Unicode>0B9E0BBF</Unicode><This>00F10069</This></Map>
<Map><Unicode>0BAF</Unicode><This>00790061</This></Map>
<Map><Unicode>0BB9</Unicode><This>00680061</This></Map>
<Map><Unicode>0B990BC2</Unicode><This>1E45016B</This></Map>
<Map><Unicode>0B990BC1</Unicode><This>1E450075</This></Map>
<Map><Unicode>0B99</Unicode><This>1E450061</This></Map>
<Map><Unicode>0B990BC0</Unicode><This>1E45012B</This></Map>
<Map><Unicode>0B950BBF</Unicode><This>006B0069</This></Map>
<Map><Unicode>0BB40BC2</Unicode><This>1E3B016B</This></Map>
<Map><Unicode>0BB10BBF</Unicode><This>1E5F0069</This></Map>
<Map><Unicode>0BA90BC2</Unicode><This>1E49016B</This></Map>
<Map><Unicode>0B9E0BC1</Unicode><This>00F10075</This></Map>
<Map><Unicode>0BAE0BC2</Unicode><This>006D016B</This></Map>
<Map><Unicode>0B9F0BC2</Unicode><This>1E6D016B</This></Map>
<Map><Unicode>0BB8</Unicode><This>00730061</This></Map>
<Map><Unicode>0BB00BC2</Unicode><This>0072016B</This></Map>
<Map><Unicode>0B9C</Unicode><This>006A0061</This></Map>
<Map><Unicode>0BB70BCD</Unicode><This>1E63</This></Map>
<Map><Unicode>0BB30BCD</Unicode><This>1E37</This></Map>
<Map><Unicode>0B92</Unicode><This>006F</This></Map>
<Map><Unicode>0B93</Unicode><This>014D</This></Map>
<Map><Unicode>0B8E</Unicode><This>0065</This></Map>
<Map><Unicode>0B8F</Unicode><This>0113</This></Map>
<Map><Unicode>0B9E0BCD</Unicode><This>00F1</This></Map>
<Map><Unicode>0BB20BCD</Unicode><This>006C</This></Map>
<Map><Unicode>0BAF0BCD</Unicode><This>0079</This></Map>
<Map><Unicode>0BB40BCD</Unicode><This>1E3B</This></Map>
<Map><Unicode>0B85</Unicode><This>0061</This></Map>
<Map><Unicode>0B86</Unicode><This>0101</This></Map>
<Map><Unicode>0B87</Unicode><This>0069</This></Map>
<Map><Unicode>0B89</Unicode><This>0075</This></Map>
<Map><Unicode>0B8A</Unicode><This>016B</This></Map>
<Map><Unicode>0BB90BCD</Unicode><This>0068</This></Map>
<Map><Unicode>0BA80BCD</Unicode><This>006E</This></Map>
<Map><Unicode>0BB10BCD</Unicode><This>1E5F</This></Map>
<Map><Unicode>0BB80BCD</Unicode><This>0073</This></Map>
<Map><Unicode>0BB00BCD</Unicode><This>0072</This></Map>
<Map><Unicode>0BA30BCD</Unicode><This>1E47</This></Map>
<Map><Unicode>0B990BCD</Unicode><This>1E45</This></Map>
<Map><Unicode>0BAA0BCD</Unicode><This>0070</This></Map>
<Map><Unicode>0BA40BCD</Unicode><This>0074</This></Map>
<Map><Unicode>0B9F0BCD</Unicode><This>1E6D</This></Map>
<Map><Unicode>0B9A0BCD</Unicode><This>0063</This></Map>
<Map><Unicode>0BAE0BCD</Unicode><This>006D</This></Map>
<Map><Unicode>003D</Unicode><This>003D</This></Map>
<Map><Unicode>0B88</Unicode><This>012B</This></Map>
<Map><Unicode>002B</Unicode><This>002B</This></Map>
<Map><Unicode>0BB50BCD</Unicode><This>0076</This></Map>
<Map><Unicode>0BA90BCD</Unicode><This>1E49</This></Map>
<Map><Unicode>0022</Unicode><This>0022</This></Map>
<Map><Unicode>201D</Unicode><This>201D</This></Map>
<Map><Unicode>201C</Unicode><This>201C</This></Map>
<Map><Unicode>2019</Unicode><This>2019</This></Map>
<Map><Unicode>2018</Unicode><This>2018</This></Map>
<Map><Unicode>0B950BCD</Unicode><This>006B</This></Map>
<Map><Unicode>0B83</Unicode><This>1E35</This></Map>
<Map><Unicode>0B9C0BCD</Unicode><This>006A</This></Map>
<Map><Unicode>0060</Unicode><This>0060</This></Map>
<Map><Unicode>005C</Unicode><This>005C</This></Map>
<Map><Unicode>003F</Unicode><This>003F</This></Map>
<Map><Unicode>003B</Unicode><This>003B</This></Map>
<Map><Unicode>003A</Unicode><This>003A</This></Map>
<Map><Unicode>002F</Unicode><This>002F</This></Map>
<Map><Unicode>002E</Unicode><This>002E</This></Map>
<Map><Unicode>002C</Unicode><This>002C</This></Map>
<Map><Unicode>002A</Unicode><This>002A</This></Map>
<Map><Unicode>0029</Unicode><This>0029</This></Map>
<Map><Unicode>0028</Unicode><This>0028</This></Map>
<Map><Unicode>0021</Unicode><This>0021</This></Map>
<Map><Unicode>002D</Unicode><This>002D</This></Map>
<Map><Unicode>0027</Unicode><This>0027</This></Map>
<Map><Unicode>0039</Unicode><This>0039</This></Map>
<Map><Unicode>0038</Unicode><This>0038</This></Map>
<Map><Unicode>0037</Unicode><This>0037</This></Map>
<Map><Unicode>0036</Unicode><This>0036</This></Map>
<Map><Unicode>0035</Unicode><This>0035</This></Map>
<Map><Unicode>0034</Unicode><This>0034</This></Map>
<Map><Unicode>0033</Unicode><This>0033</This></Map>
<Map><Unicode>0032</Unicode><This>0032</This></Map>
<Map><Unicode>0031</Unicode><This>0031</This></Map>
<Map><Unicode>0030</Unicode><This>0030</This></Map>
<Map><Unicode>003C</Unicode><This>003C</This></Map>
<Map><Unicode>003E</Unicode><This>003E</This></Map>
<Map><Unicode>0040</Unicode><This>0040</This></Map>
<Map><Unicode>005B</Unicode><This>005B</This></Map>
<Map><Unicode>005D</Unicode><This>005D</This></Map>
<Map><Unicode>005E</Unicode><This>005E</This></Map>
<Map><Unicode>005F</Unicode><This>005F</This></Map>
<Map><Unicode>007B</Unicode><This>007B</This></Map>
<Map><Unicode>007C</Unicode><This>007C</This></Map>
<Map><Unicode>007D</Unicode><This>007D</This></Map>
<Map><Unicode>007E</Unicode><This>007E</This></Map>
<Map><Unicode>0023</Unicode><This>0023</This></Map>
<Map><Unicode>0024</Unicode><This>0024</This></Map>
<Map><Unicode>0025</Unicode><This>0025</This></Map>
<Map><Unicode>0026</Unicode><This>0026</This></Map>
</Table>