<?xml version="1.0"?>
<Table>
<Map><Unicode>0BB30BCB</Unicode><This>004E00730068</This></Map>
<Map><Unicode>0BB30BCA</Unicode><This>006E00730068</This></Map>
<Map><Unicode>0BB30BBE</Unicode><This>00730068</This></Map>
<Map><Unicode>0BB30BBF</Unicode><This>00730070</This></Map>
<Map><Unicode>0BB30BC0</Unicode><This>00730050</This></Map>
<Map><Unicode>0B950BCD0BB70BCB</Unicode><This>0066003B004E005C0068</This></Map>
<Map><Unicode>0B950BCD0BB70BCC</Unicode><This>0066003B006E005C0073</This></Map>
<Map><Unicode>0B950BCD0BB70BCA</Unicode><This>0066003B006E005C0068</This></Map>
<Map><Unicode>0B950BCD0BB70BC7</Unicode><This>0066003B004E005C</This></Map>
<Map><Unicode>0B950BCD0BB70BC8</Unicode><This>0066003B0069005C</This></Map>
<Map><Unicode>0B950BCD0BB70BBE</Unicode><This>0066003B005C0068</This></Map>
<Map><Unicode>0B950BCD0BB70BC6</Unicode><This>0066003B006E005C</This></Map>
<Map><Unicode>0B950BCD0BB70BC2</Unicode><This>0066003B005C005F</This></Map>
<Map><Unicode>0B950BCD0BB70BC1</Unicode><This>0066003B005C007B</This></Map>
<Map><Unicode>0B950BCD0BB70BBF</Unicode><This>0066003B005C0070</This></Map>
<Map><Unicode>0B950BCD0BB70BCD</Unicode><This>0066003B005C003B</This></Map>
<Map><Unicode>0B950BCD0BB70BC0</Unicode><This>0066003B005C0050</This></Map>
<Map><Unicode>0BA30BCB</Unicode><This>004E007A0068</This></Map>
<Map><Unicode>0BB20BCB</Unicode><This>004E00790068</This></Map>
<Map><Unicode>0BB10BCB</Unicode><This>004E00770068</This></Map>
<Map><Unicode>0BB00BCB</Unicode><This>004E00750068</This></Map>
<Map><Unicode>0BB50BCB</Unicode><This>004E00740068</This></Map>
<Map><Unicode>0B9A0BCB</Unicode><This>004E00720068</This></Map>
<Map><Unicode>0B9E0BCB</Unicode><This>004E00510068</This></Map>
<Map><Unicode>0BB70BCB</Unicode><This>004E005C0068</This></Map>
<Map><Unicode>0B9F0BCB</Unicode><This>004E006C0068</This></Map>
<Map><Unicode>0BAE0BCB</Unicode><This>004E006B0068</This></Map>
<Map><Unicode>0BA40BCB</Unicode><This>004E006A0068</This></Map>
<Map><Unicode>0BB40BCB</Unicode><This>004E006F0068</This></Map>
<Map><Unicode>0BAA0BCB</Unicode><This>004E00670068</This></Map>
<Map><Unicode>0B950BCB</Unicode><This>004E00660068</This></Map>
<Map><Unicode>0BA80BCB</Unicode><This>004E00650068</This></Map>
<Map><Unicode>0BA90BCB</Unicode><This>004E00640068</This></Map>
<Map><Unicode>0BAF0BCB</Unicode><This>004E00610068</This></Map>
<Map><Unicode>0BB90BCB</Unicode><This>004E00600068</This></Map>
<Map><Unicode>0B990BCB</Unicode><This>004E00710068</This></Map>
<Map><Unicode>0BB80BCB</Unicode><This>004E005D0068</This></Map>
<Map><Unicode>0B9C0BCB</Unicode><This>004E005B0068</This></Map>
<Map><Unicode>0BA30BCC</Unicode><This>006E007A0073</This></Map>
<Map><Unicode>0BA30BCA</Unicode><This>006E007A0068</This></Map>
<Map><Unicode>0BB20BCC</Unicode><This>006E00790073</This></Map>
<Map><Unicode>0BB20BCA</Unicode><This>006E00790068</This></Map>
<Map><Unicode>0BB10BCC</Unicode><This>006E00770073</This></Map>
<Map><Unicode>0BB10BCA</Unicode><This>006E00770068</This></Map>
<Map><Unicode>0BB00BCC</Unicode><This>006E00750073</This></Map>
<Map><Unicode>0BB00BCA</Unicode><This>006E00750068</This></Map>
<Map><Unicode>0BB50BCC</Unicode><This>006E00740073</This></Map>
<Map><Unicode>0BB50BCA</Unicode><This>006E00740068</This></Map>
<Map><Unicode>0BB30BCC</Unicode><This>006E00730073</This></Map>
<Map><Unicode>0B9A0BCC</Unicode><This>006E00720073</This></Map>
<Map><Unicode>0B9A0BCA</Unicode><This>006E00720068</This></Map>
<Map><Unicode>0B9E0BCC</Unicode><This>006E00510073</This></Map>
<Map><Unicode>0B9E0BCA</Unicode><This>006E00510068</This></Map>
<Map><Unicode>0BB70BCC</Unicode><This>006E005C0073</This></Map>
<Map><Unicode>0BB70BCA</Unicode><This>006E005C0068</This></Map>
<Map><Unicode>0B9F0BCC</Unicode><This>006E006C0073</This></Map>
<Map><Unicode>0B9F0BCA</Unicode><This>006E006C0068</This></Map>
<Map><Unicode>0BAE0BCC</Unicode><This>006E006B0073</This></Map>
<Map><Unicode>0BAE0BCA</Unicode><This>006E006B0068</This></Map>
<Map><Unicode>0BA40BCC</Unicode><This>006E006A0073</This></Map>
<Map><Unicode>0BA40BCA</Unicode><This>006E006A0068</This></Map>
<Map><Unicode>0BB40BCC</Unicode><This>006E006F0073</This></Map>
<Map><Unicode>0BB40BCA</Unicode><This>006E006F0068</This></Map>
<Map><Unicode>0BAA0BCC</Unicode><This>006E00670073</This></Map>
<Map><Unicode>0BAA0BCA</Unicode><This>006E00670068</This></Map>
<Map><Unicode>0B950BCC</Unicode><This>006E00660073</This></Map>
<Map><Unicode>0B950BCA</Unicode><This>006E00660068</This></Map>
<Map><Unicode>0BA80BCC</Unicode><This>006E00650073</This></Map>
<Map><Unicode>0BA80BCA</Unicode><This>006E00650068</This></Map>
<Map><Unicode>0BA90BCC</Unicode><This>006E00640073</This></Map>
<Map><Unicode>0BA90BCA</Unicode><This>006E00640068</This></Map>
<Map><Unicode>0BAF0BCC</Unicode><This>006E00610073</This></Map>
<Map><Unicode>0BB90BCC</Unicode><This>006E00600073</This></Map>
<Map><Unicode>0BAF0BCA</Unicode><This>006E00610068</This></Map>
<Map><Unicode>0BB90BCA</Unicode><This>006E00600068</This></Map>
<Map><Unicode>0B990BCC</Unicode><This>006E00710073</This></Map>
<Map><Unicode>0B990BCA</Unicode><This>006E00710068</This></Map>
<Map><Unicode>0BB80BCC</Unicode><This>006E005D0073</This></Map>
<Map><Unicode>0BB80BCA</Unicode><This>006E005D0068</This></Map>
<Map><Unicode>0B9C0BCC</Unicode><This>006E005B0073</This></Map>
<Map><Unicode>0B9C0BCA</Unicode><This>006E005B0068</This></Map>
<Map><Unicode>0B950BCD0BB7</Unicode><This>0066003B005C</This></Map>
<Map><Unicode>0BA30BBE</Unicode><This>007A0068</This></Map>
<Map><Unicode>0BB20BBE</Unicode><This>00790068</This></Map>
<Map><Unicode>0B94</Unicode><This>00780073</This></Map>
<Map><Unicode>0BB10BBE</Unicode><This>00770068</This></Map>
<Map><Unicode>0BB00BBE</Unicode><This>00750068</This></Map>
<Map><Unicode>0BB50BBE</Unicode><This>00740068</This></Map>
<Map><Unicode>0B9A0BBE</Unicode><This>00720068</This></Map>
<Map><Unicode>0B9E0BBE</Unicode><This>00510068</This></Map>
<Map><Unicode>0BB70BBE</Unicode><This>005C0068</This></Map>
<Map><Unicode>0BB70BC2</Unicode><This>005C005F</This></Map>
<Map><Unicode>0BB70BC1</Unicode><This>005C007B</This></Map>
<Map><Unicode>0BA30BC7</Unicode><This>004E007A</This></Map>
<Map><Unicode>0BB20BC7</Unicode><This>004E0079</This></Map>
<Map><Unicode>0BB10BC7</Unicode><This>004E0077</This></Map>
<Map><Unicode>0BB00BC7</Unicode><This>004E0075</This></Map>
<Map><Unicode>0BB50BC7</Unicode><This>004E0074</This></Map>
<Map><Unicode>0BB30BC7</Unicode><This>004E0073</This></Map>
<Map><Unicode>0B9A0BC7</Unicode><This>004E0072</This></Map>
<Map><Unicode>0B9E0BC7</Unicode><This>004E0051</This></Map>
<Map><Unicode>0BB70BC7</Unicode><This>004E005C</This></Map>
<Map><Unicode>0B9F0BC7</Unicode><This>004E006C</This></Map>
<Map><Unicode>0BAE0BC7</Unicode><This>004E006B</This></Map>
<Map><Unicode>0BA40BC7</Unicode><This>004E006A</This></Map>
<Map><Unicode>0BB40BC7</Unicode><This>004E006F</This></Map>
<Map><Unicode>0BAA0BC7</Unicode><This>004E0067</This></Map>
<Map><Unicode>0B950BC7</Unicode><This>004E0066</This></Map>
<Map><Unicode>0BA80BC7</Unicode><This>004E0065</This></Map>
<Map><Unicode>0BA90BC7</Unicode><This>004E0064</This></Map>
<Map><Unicode>0BAF0BC7</Unicode><This>004E0061</This></Map>
<Map><Unicode>0BB90BC7</Unicode><This>004E0060</This></Map>
<Map><Unicode>0B990BC7</Unicode><This>004E0071</This></Map>
<Map><Unicode>0BB80BC7</Unicode><This>004E005D</This></Map>
<Map><Unicode>0B9C0BC7</Unicode><This>004E005B</This></Map>
<Map><Unicode>0B9F0BBE</Unicode><This>006C0068</This></Map>
<Map><Unicode>0BAE0BBE</Unicode><This>006B0068</This></Map>
<Map><Unicode>0BA40BBE</Unicode><This>006A0068</This></Map>
<Map><Unicode>0BA30BC8</Unicode><This>0069007A</This></Map>
<Map><Unicode>0BB20BC8</Unicode><This>00690079</This></Map>
<Map><Unicode>0BB10BC8</Unicode><This>00690077</This></Map>
<Map><Unicode>0BB00BC8</Unicode><This>00690075</This></Map>
<Map><Unicode>0BB50BC8</Unicode><This>00690074</This></Map>
<Map><Unicode>0BB30BC8</Unicode><This>00690073</This></Map>
<Map><Unicode>0B9A0BC8</Unicode><This>00690072</This></Map>
<Map><Unicode>0B9E0BC8</Unicode><This>00690051</This></Map>
<Map><Unicode>0BB70BC8</Unicode><This>0069005C</This></Map>
<Map><Unicode>0B9F0BC8</Unicode><This>0069006C</This></Map>
<Map><Unicode>0BAE0BC8</Unicode><This>0069006B</This></Map>
<Map><Unicode>0BA40BC8</Unicode><This>0069006A</This></Map>
<Map><Unicode>0BB40BC8</Unicode><This>0069006F</This></Map>
<Map><Unicode>0BAA0BC8</Unicode><This>00690067</This></Map>
<Map><Unicode>0B950BC8</Unicode><This>00690066</This></Map>
<Map><Unicode>0BA80BC8</Unicode><This>00690065</This></Map>
<Map><Unicode>0BA90BC8</Unicode><This>00690064</This></Map>
<Map><Unicode>0BAF0BC8</Unicode><This>00690061</This></Map>
<Map><Unicode>0BB90BC8</Unicode><This>00690060</This></Map>
<Map><Unicode>0B990BC8</Unicode><This>00690071</This></Map>
<Map><Unicode>0BB80BC8</Unicode><This>0069005D</This></Map>
<Map><Unicode>0B9C0BC8</Unicode><This>0069005B</This></Map>
<Map><Unicode>0BB40BBE</Unicode><This>006F0068</This></Map>
<Map><Unicode>0BAA0BBE</Unicode><This>00670068</This></Map>
<Map><Unicode>0B950BBE</Unicode><This>00660068</This></Map>
<Map><Unicode>0BA80BBE</Unicode><This>00650068</This></Map>
<Map><Unicode>0BA90BBE</Unicode><This>00640068</This></Map>
<Map><Unicode>0BA30BC6</Unicode><This>006E007A</This></Map>
<Map><Unicode>0BB20BC6</Unicode><This>006E0079</This></Map>
<Map><Unicode>0BB10BC6</Unicode><This>006E0077</This></Map>
<Map><Unicode>0BB00BC6</Unicode><This>006E0075</This></Map>
<Map><Unicode>0BB50BC6</Unicode><This>006E0074</This></Map>
<Map><Unicode>0BB30BC6</Unicode><This>006E0073</This></Map>
<Map><Unicode>0B9A0BC6</Unicode><This>006E0072</This></Map>
<Map><Unicode>0B9E0BC6</Unicode><This>006E0051</This></Map>
<Map><Unicode>0BB70BC6</Unicode><This>006E005C</This></Map>
<Map><Unicode>0B9F0BC6</Unicode><This>006E006C</This></Map>
<Map><Unicode>0BAE0BC6</Unicode><This>006E006B</This></Map>
<Map><Unicode>0BA40BC6</Unicode><This>006E006A</This></Map>
<Map><Unicode>0BB40BC6</Unicode><This>006E006F</This></Map>
<Map><Unicode>0BAA0BC6</Unicode><This>006E0067</This></Map>
<Map><Unicode>0B950BC6</Unicode><This>006E0066</This></Map>
<Map><Unicode>0BA80BC6</Unicode><This>006E0065</This></Map>
<Map><Unicode>0BA90BC6</Unicode><This>006E0064</This></Map>
<Map><Unicode>0BAF0BC6</Unicode><This>006E0061</This></Map>
<Map><Unicode>0BB90BC6</Unicode><This>006E0060</This></Map>
<Map><Unicode>0B990BC6</Unicode><This>006E0071</This></Map>
<Map><Unicode>0BB80BC6</Unicode><This>006E005D</This></Map>
<Map><Unicode>0B9C0BC6</Unicode><This>006E005B</This></Map>
<Map><Unicode>0BAF0BBE</Unicode><This>00610068</This></Map>
<Map><Unicode>0BB90BBE</Unicode><This>00600068</This></Map>
<Map><Unicode>0BB90BC2</Unicode><This>0060005F</This></Map>
<Map><Unicode>0BB90BC1</Unicode><This>0060007B</This></Map>
<Map><Unicode>0B990BBE</Unicode><This>00710068</This></Map>
<Map><Unicode>0BB80BBE</Unicode><This>005D0068</This></Map>
<Map><Unicode>0BB80BC2</Unicode><This>005D005F</This></Map>
<Map><Unicode>0BB80BC1</Unicode><This>005D007B</This></Map>
<Map><Unicode>0B9C0BBE</Unicode><This>005B0068</This></Map>
<Map><Unicode>0B9C0BC2</Unicode><This>005B005F</This></Map>
<Map><Unicode>0B9C0BC1</Unicode><This>005B007B</This></Map>
<Map><Unicode>0BB70BCD</Unicode><This>005C003B</This></Map>
<Map><Unicode>0BB30BCD</Unicode><This>0073003B</This></Map>
<Map><Unicode>0BB20BC2</Unicode><This>0059007D</This></Map>
<Map><Unicode>0BA90BC0</Unicode><This>00640050</This></Map>
<Map><Unicode>0BA80BC2</Unicode><This>0045007D</This></Map>
<Map><Unicode>0BAE0BC0</Unicode><This>006B0050</This></Map>
<Map><Unicode>0BA30BC2</Unicode><This>005A007D</This></Map>
<Map><Unicode>0BA30BC0</Unicode><This>007A0050</This></Map>
<Map><Unicode>0BB10BC2</Unicode><This>0057007D</This></Map>
<Map><Unicode>0BA80BC0</Unicode><This>00650050</This></Map>
<Map><Unicode>0BB00BC0</Unicode><This>00750050</This></Map>
<Map><Unicode>0B9E0BCD</Unicode><This>0051003B</This></Map>
<Map><Unicode>0BB20BCD</Unicode><This>0079003B</This></Map>
<Map><Unicode>0BAF0BC0</Unicode><This>00610050</This></Map>
<Map><Unicode>0BAF0BCD</Unicode><This>0061003B</This></Map>
<Map><Unicode>0BB40BCD</Unicode><This>006F003B</This></Map>
<Map><Unicode>0B9E0BC0</Unicode><This>00510050</This></Map>
<Map><Unicode>0BAA0BC0</Unicode><This>00670050</This></Map>
<Map><Unicode>0BB10BC0</Unicode><This>00770050</This></Map>
<Map><Unicode>0BA40BC2</Unicode><This>004A007D</This></Map>
<Map><Unicode>0BA40BC0</Unicode><This>006A0050</This></Map>
<Map><Unicode>0BAF0BC2</Unicode><This>0061002B</This></Map>
<Map><Unicode>0B9A0BC0</Unicode><This>00720050</This></Map>
<Map><Unicode>0BAA0BC2</Unicode><This>0067002B</This></Map>
<Map><Unicode>0B950BC0</Unicode><This>00660050</This></Map>
<Map><Unicode>0BB50BC2</Unicode><This>0074002B</This></Map>
<Map><Unicode>0BB90BBF</Unicode><This>00600070</This></Map>
<Map><Unicode>0BB70BBF</Unicode><This>005C0070</This></Map>
<Map><Unicode>0BB80BBF</Unicode><This>005D0070</This></Map>
<Map><Unicode>0B9C0BBF</Unicode><This>005B0070</This></Map>
<Map><Unicode>0BB90BC0</Unicode><This>00600050</This></Map>
<Map><Unicode>0BB40BBF</Unicode><This>006F0070</This></Map>
<Map><Unicode>0BB70BC0</Unicode><This>005C0050</This></Map>
<Map><Unicode>0BB20BBF</Unicode><This>00790070</This></Map>
<Map><Unicode>0BB80BC0</Unicode><This>005D0050</This></Map>
<Map><Unicode>0BB50BBF</Unicode><This>00740070</This></Map>
<Map><Unicode>0B9C0BC0</Unicode><This>005B0050</This></Map>
<Map><Unicode>0BB00BBF</Unicode><This>00750070</This></Map>
<Map><Unicode>0BAF0BBF</Unicode><This>00610070</This></Map>
<Map><Unicode>0BB40BC0</Unicode><This>006F0050</This></Map>
<Map><Unicode>0BA90BBF</Unicode><This>00640070</This></Map>
<Map><Unicode>0BB50BC0</Unicode><This>00740050</This></Map>
<Map><Unicode>0BA80BBF</Unicode><This>00650070</This></Map>
<Map><Unicode>0BAA0BBF</Unicode><This>00670070</This></Map>
<Map><Unicode>0BAE0BBF</Unicode><This>006B0070</This></Map>
<Map><Unicode>0BB20BC0</Unicode><This>00790050</This></Map>
<Map><Unicode>0BA30BBF</Unicode><This>007A0070</This></Map>
<Map><Unicode>0BA40BBF</Unicode><This>006A0070</This></Map>
<Map><Unicode>0BB90BCD</Unicode><This>0060003B</This></Map>
<Map><Unicode>0B990BBF</Unicode><This>00710070</This></Map>
<Map><Unicode>0B9A0BBF</Unicode><This>00720070</This></Map>
<Map><Unicode>0B9E0BBF</Unicode><This>00510070</This></Map>
<Map><Unicode>0BA80BCD</Unicode><This>0065003B</This></Map>
<Map><Unicode>0B990BC2</Unicode><This>0071002B</This></Map>
<Map><Unicode>0BB10BCD</Unicode><This>0077003B</This></Map>
<Map><Unicode>0B990BC0</Unicode><This>00710050</This></Map>
<Map><Unicode>0BB80BCD</Unicode><This>005D003B</This></Map>
<Map><Unicode>0BA30BCD</Unicode><This>007A003B</This></Map>
<Map><Unicode>0B990BCD</Unicode><This>0071003B</This></Map>
<Map><Unicode>0BAA0BCD</Unicode><This>0067003B</This></Map>
<Map><Unicode>0BA40BCD</Unicode><This>006A003B</This></Map>
<Map><Unicode>0B9F0BCD</Unicode><This>006C003B</This></Map>
<Map><Unicode>0B9A0BCD</Unicode><This>0072003B</This></Map>
<Map><Unicode>0B950BBF</Unicode><This>00660070</This></Map>
<Map><Unicode>0BAE0BCD</Unicode><This>006B003B</This></Map>
<Map><Unicode>0BB50BCD</Unicode><This>0074003B</This></Map>
<Map><Unicode>0BA90BCD</Unicode><This>0064003B</This></Map>
<Map><Unicode>0BB10BBF</Unicode><This>00770070</This></Map>
<Map><Unicode>0B950BCD</Unicode><This>0066003B</This></Map>
<Map><Unicode>0BA90BC2</Unicode><This>0044007D</This></Map>
<Map><Unicode>0B9C0BCD</Unicode><This>005B003B</This></Map>
<Map><Unicode>0BA3</Unicode><This>007A</This></Map>
<Map><Unicode>0BB20BC1</Unicode><This>0059</This></Map>
<Map><Unicode>0BB2</Unicode><This>0079</This></Map>
<Map><Unicode>0B92</Unicode><This>0078</This></Map>
<Map><Unicode>0B93</Unicode><This>0058</This></Map>
<Map><Unicode>0BB10BC1</Unicode><This>0057</This></Map>
<Map><Unicode>0BB1</Unicode><This>0077</This></Map>
<Map><Unicode>0B8E</Unicode><This>0076</This></Map>
<Map><Unicode>0B8F</Unicode><This>0056</This></Map>
<Map><Unicode>0BB00BC1</Unicode><This>0055</This></Map>
<Map><Unicode>0BB0</Unicode><This>0075</This></Map>
<Map><Unicode>0B950BC2</Unicode><This>0024</This></Map>
<Map><Unicode>0BB5</Unicode><This>0074</This></Map>
<Map><Unicode>0BB30BC1</Unicode><This>0053</This></Map>
<Map><Unicode>0BB3</Unicode><This>0073</This></Map>
<Map><Unicode>0B9A0BC1</Unicode><This>0052</This></Map>
<Map><Unicode>0B9A</Unicode><This>0072</This></Map>
<Map><Unicode>0BA30BC1</Unicode><This>005A</This></Map>
<Map><Unicode>0B9E</Unicode><This>0051</This></Map>
<Map><Unicode>0BB7</Unicode><This>005C</This></Map>
<Map><Unicode>0BAA0BC1</Unicode><This>0047</This></Map>
<Map><Unicode>0B9F0BBF</Unicode><This>0062</This></Map>
<Map><Unicode>0B9F0BC0</Unicode><This>0042</This></Map>
<Map><Unicode>0B9A0BC2</Unicode><This>0023</This></Map>
<Map><Unicode>0B85</Unicode><This>006D</This></Map>
<Map><Unicode>0B86</Unicode><This>004D</This></Map>
<Map><Unicode>0B9F0BC1</Unicode><This>004C</This></Map>
<Map><Unicode>0B9F</Unicode><This>006C</This></Map>
<Map><Unicode>0BAE0BC1</Unicode><This>004B</This></Map>
<Map><Unicode>0BAE</Unicode><This>006B</This></Map>
<Map><Unicode>0BA40BC1</Unicode><This>004A</This></Map>
<Map><Unicode>0BA4</Unicode><This>006A</This></Map>
<Map><Unicode>0B87</Unicode><This>002C</This></Map>
<Map><Unicode>0BB50BC1</Unicode><This>0054</This></Map>
<Map><Unicode>0BAF0BC1</Unicode><This>0041</This></Map>
<Map><Unicode>0B90</Unicode><This>0049</This></Map>
<Map><Unicode>0BB4</Unicode><This>006F</This></Map>
<Map><Unicode>0BB40BC1</Unicode><This>004F</This></Map>
<Map><Unicode>0BAA</Unicode><This>0067</This></Map>
<Map><Unicode>0B950BC1</Unicode><This>0046</This></Map>
<Map><Unicode>0B95</Unicode><This>0066</This></Map>
<Map><Unicode>0BA80BC1</Unicode><This>0045</This></Map>
<Map><Unicode>0BA8</Unicode><This>0065</This></Map>
<Map><Unicode>0BA90BC1</Unicode><This>0044</This></Map>
<Map><Unicode>0BA9</Unicode><This>0064</This></Map>
<Map><Unicode>0B89</Unicode><This>0063</This></Map>
<Map><Unicode>0B8A</Unicode><This>0043</This></Map>
<Map><Unicode>0BAF</Unicode><This>0061</This></Map>
<Map><Unicode>0BB9</Unicode><This>0060</This></Map>
<Map><Unicode>0B99</Unicode><This>0071</This></Map>
<Map><Unicode>0BB00BCD</Unicode><This>0048</This></Map>
<Map><Unicode>0BB40BC2</Unicode><This>002A</This></Map>
<Map><Unicode>0B88</Unicode><This>003C</This></Map>
<Map><Unicode>0022</Unicode><This>0022</This></Map>
<Map><Unicode>201D</Unicode><This>0022</This></Map>
<Map><Unicode>2019</Unicode><This>007C</This></Map>
<Map><Unicode>2018</Unicode><This>007E</This></Map>
<Map><Unicode>0B83</Unicode><This>002F</This></Map>
<Map><Unicode>0BAE0BC2</Unicode><This>0025</This></Map>
<Map><Unicode>0B9F0BC2</Unicode><This>005E</This></Map>
<Map><Unicode>0BB8</Unicode><This>005D</This></Map>
<Map><Unicode>003F</Unicode><This>003F</This></Map>
<Map><Unicode>003B</Unicode><This>0040</This></Map>
<Map><Unicode>003A</Unicode><This>003A</This></Map>
<Map><Unicode>002E</Unicode><This>002E</This></Map>
<Map><Unicode>002C</Unicode><This>003E</This></Map>
<Map><Unicode>0029</Unicode><This>0029</This></Map>
<Map><Unicode>0028</Unicode><This>0028</This></Map>
<Map><Unicode>0BB00BC2</Unicode><This>0026</This></Map>
<Map><Unicode>0BB80BCD0BB00BC0</Unicode><This>003D</This></Map>
<Map><Unicode>0B9C</Unicode><This>005B</This></Map>
<Map><Unicode>0021</Unicode><This>0021</This></Map>
<Map><Unicode>002D</Unicode><This>002D</This></Map>
<Map><Unicode>0039</Unicode><This>0039</This></Map>
<Map><Unicode>0038</Unicode><This>0038</This></Map>
<Map><Unicode>0037</Unicode><This>0037</This></Map>
<Map><Unicode>0036</Unicode><This>0036</This></Map>
<Map><Unicode>0035</Unicode><This>0035</This></Map>
<Map><Unicode>0034</Unicode><This>0034</This></Map>
<Map><Unicode>0033</Unicode><This>0033</This></Map>
<Map><Unicode>0032</Unicode><This>0032</This></Map>
<Map><Unicode>0031</Unicode><This>0031</This></Map>
<Map><Unicode>0030</Unicode><This>0030</This></Map>
</Table>