<?xml version="1.0"?>
<Table>
<Map><Unicode>0BB30BCB</Unicode><This>00F700CD00F5</This></Map>
<Map><Unicode>0BB30BCA</Unicode><This>00F600CD00F5</This></Map>
<Map><Unicode>0BB30BBE</Unicode><This>00CD00F5</This></Map>
<Map><Unicode>0BB30BBF</Unicode><This>00CE</This></Map>
<Map><Unicode>0BB30BC0</Unicode><This>00CF</This></Map>
<Map><Unicode>0B990BCA</Unicode><This>00F6005600F5</This></Map>
<Map><Unicode>0B990BCC</Unicode><This>00F6005600CD</This></Map>
<Map><Unicode>0BA90BCA</Unicode><This>00F600DA00F5</This></Map>
<Map><Unicode>0BA40BCA</Unicode><This>00F6007500F5</This></Map>
<Map><Unicode>0BA90BCC</Unicode><This>00F600DA00CD</This></Map>
<Map><Unicode>0BA40BCC</Unicode><This>00F6007500CD</This></Map>
<Map><Unicode>0B950BCA</Unicode><This>00F6005000F5</This></Map>
<Map><Unicode>0B950BCC</Unicode><This>00F6005000CD</This></Map>
<Map><Unicode>0BB10BCA</Unicode><This>00F600D300F5</This></Map>
<Map><Unicode>0BB10BCC</Unicode><This>00F600D300CD</This></Map>
<Map><Unicode>0B950BCD0BB70BCA</Unicode><This>00F600F100F5</This></Map>
<Map><Unicode>0BA30BCA</Unicode><This>00F6006E00F5</This></Map>
<Map><Unicode>0B950BCD0BB70BCC</Unicode><This>00F600F100CD</This></Map>
<Map><Unicode>0BA30BCC</Unicode><This>00F6006E00CD</This></Map>
<Map><Unicode>0BB90BCA</Unicode><This>00F600ED00F5</This></Map>
<Map><Unicode>0BB30BCC</Unicode><This>00F600CD00CD</This></Map>
<Map><Unicode>0BB90BCC</Unicode><This>00F600ED00CD</This></Map>
<Map><Unicode>0B9F0BCA</Unicode><This>00F6006800F5</This></Map>
<Map><Unicode>0B9F0BCC</Unicode><This>00F6006800CD</This></Map>
<Map><Unicode>0BB80BCA</Unicode><This>00F600E900F5</This></Map>
<Map><Unicode>0BB80BCC</Unicode><This>00F600E900CD</This></Map>
<Map><Unicode>0BB40BCA</Unicode><This>00F600C700F5</This></Map>
<Map><Unicode>0BB40BCC</Unicode><This>00F600C700CD</This></Map>
<Map><Unicode>0B9E0BCA</Unicode><This>00F6006200F5</This></Map>
<Map><Unicode>0B9E0BCC</Unicode><This>00F6006200CD</This></Map>
<Map><Unicode>0BB70BCA</Unicode><This>00F600E500F5</This></Map>
<Map><Unicode>0BB50BCA</Unicode><This>00F600C100F5</This></Map>
<Map><Unicode>0B9C0BCA</Unicode><This>00F600E100F5</This></Map>
<Map><Unicode>0BB70BCC</Unicode><This>00F600E500CD</This></Map>
<Map><Unicode>0BB50BCC</Unicode><This>00F600C100CD</This></Map>
<Map><Unicode>0B9C0BCC</Unicode><This>00F600E100CD</This></Map>
<Map><Unicode>0BB00BCA</Unicode><This>00F600B500F5</This></Map>
<Map><Unicode>0BB00BCC</Unicode><This>00F600B500CD</This></Map>
<Map><Unicode>0BAE0BCA</Unicode><This>00F600A900F5</This></Map>
<Map><Unicode>0BAE0BCC</Unicode><This>00F600A900CD</This></Map>
<Map><Unicode>0BAA0BCA</Unicode><This>00F600A300F5</This></Map>
<Map><Unicode>0BAA0BCC</Unicode><This>00F600A300CD</This></Map>
<Map><Unicode>0BB20BCA</Unicode><This>00F600BB00F5</This></Map>
<Map><Unicode>0BB20BCC</Unicode><This>00F600BB00CD</This></Map>
<Map><Unicode>0BAF0BCA</Unicode><This>00F600AF00F5</This></Map>
<Map><Unicode>0BAF0BCC</Unicode><This>00F600AF00CD</This></Map>
<Map><Unicode>0BA80BCA</Unicode><This>00F6007C00F5</This></Map>
<Map><Unicode>0BA80BCC</Unicode><This>00F6007C00CD</This></Map>
<Map><Unicode>0B9A0BCA</Unicode><This>00F6005C00F5</This></Map>
<Map><Unicode>0B9A0BCC</Unicode><This>00F6005C00CD</This></Map>
<Map><Unicode>0B990BCB</Unicode><This>00F7005600F5</This></Map>
<Map><Unicode>0BA90BCB</Unicode><This>00F700DA00F5</This></Map>
<Map><Unicode>0BA40BCB</Unicode><This>00F7007500F5</This></Map>
<Map><Unicode>0B950BCB</Unicode><This>00F7005000F5</This></Map>
<Map><Unicode>0BB10BCB</Unicode><This>00F700D300F5</This></Map>
<Map><Unicode>0B950BCD0BB70BCB</Unicode><This>00F700F100F5</This></Map>
<Map><Unicode>0BA30BCB</Unicode><This>00F7006E00F5</This></Map>
<Map><Unicode>0BB90BCB</Unicode><This>00F700ED00F5</This></Map>
<Map><Unicode>0B9F0BCB</Unicode><This>00F7006800F5</This></Map>
<Map><Unicode>0BB80BCB</Unicode><This>00F700E900F5</This></Map>
<Map><Unicode>0BB40BCB</Unicode><This>00F700C700F5</This></Map>
<Map><Unicode>0B9E0BCB</Unicode><This>00F7006200F5</This></Map>
<Map><Unicode>0BB70BCB</Unicode><This>00F700E500F5</This></Map>
<Map><Unicode>0BB50BCB</Unicode><This>00F700C100F5</This></Map>
<Map><Unicode>0B9C0BCB</Unicode><This>00F700E100F5</This></Map>
<Map><Unicode>0BB00BCB</Unicode><This>00F700B500F5</This></Map>
<Map><Unicode>0BAE0BCB</Unicode><This>00F700A900F5</This></Map>
<Map><Unicode>0BAA0BCB</Unicode><This>00F700A300F5</This></Map>
<Map><Unicode>0BB20BCB</Unicode><This>00F700BB00F5</This></Map>
<Map><Unicode>0BAF0BCB</Unicode><This>00F700AF00F5</This></Map>
<Map><Unicode>0BA80BCB</Unicode><This>00F7007C00F5</This></Map>
<Map><Unicode>0B9A0BCB</Unicode><This>00F7005C00F5</This></Map>
<Map><Unicode>0B990BBE</Unicode><This>005600F5</This></Map>
<Map><Unicode>0BA90BBE</Unicode><This>00DA00F5</This></Map>
<Map><Unicode>0BA40BBE</Unicode><This>007500F5</This></Map>
<Map><Unicode>0B950BBE</Unicode><This>005000F5</This></Map>
<Map><Unicode>0B990BC8</Unicode><This>00F80056</This></Map>
<Map><Unicode>0B990BC6</Unicode><This>00F60056</This></Map>
<Map><Unicode>0BA90BC8</Unicode><This>00F800DA</This></Map>
<Map><Unicode>0BA40BC8</Unicode><This>00F80075</This></Map>
<Map><Unicode>0BA90BC6</Unicode><This>00F600DA</This></Map>
<Map><Unicode>0BA40BC6</Unicode><This>00F60075</This></Map>
<Map><Unicode>0B950BC8</Unicode><This>00F80050</This></Map>
<Map><Unicode>0B950BC6</Unicode><This>00F60050</This></Map>
<Map><Unicode>0BB10BC8</Unicode><This>00F800D3</This></Map>
<Map><Unicode>0BB10BC6</Unicode><This>00F600D3</This></Map>
<Map><Unicode>0BB10BBE</Unicode><This>00D300F5</This></Map>
<Map><Unicode>0B950BCD0BB70BC8</Unicode><This>00F800F1</This></Map>
<Map><Unicode>0BA30BC8</Unicode><This>00F8006E</This></Map>
<Map><Unicode>0B950BCD0BB70BC6</Unicode><This>00F600F1</This></Map>
<Map><Unicode>0BA30BC6</Unicode><This>00F6006E</This></Map>
<Map><Unicode>0BB30BC8</Unicode><This>00F800CD</This></Map>
<Map><Unicode>0BB90BC8</Unicode><This>00F800ED</This></Map>
<Map><Unicode>0BB30BC6</Unicode><This>00F600CD</This></Map>
<Map><Unicode>0BB90BC6</Unicode><This>00F600ED</This></Map>
<Map><Unicode>0B9F0BC8</Unicode><This>00F80068</This></Map>
<Map><Unicode>0B9F0BC6</Unicode><This>00F60068</This></Map>
<Map><Unicode>0BB80BC8</Unicode><This>00F800E9</This></Map>
<Map><Unicode>0BB80BC6</Unicode><This>00F600E9</This></Map>
<Map><Unicode>0BB40BC8</Unicode><This>00F800C7</This></Map>
<Map><Unicode>0BB40BC6</Unicode><This>00F600C7</This></Map>
<Map><Unicode>0B9E0BC8</Unicode><This>00F80062</This></Map>
<Map><Unicode>0B9E0BC6</Unicode><This>00F60062</This></Map>
<Map><Unicode>0BB70BC8</Unicode><This>00F800E5</This></Map>
<Map><Unicode>0BB50BC8</Unicode><This>00F800C1</This></Map>
<Map><Unicode>0B9C0BC8</Unicode><This>00F800E1</This></Map>
<Map><Unicode>0BB70BC6</Unicode><This>00F600E5</This></Map>
<Map><Unicode>0BB50BC6</Unicode><This>00F600C1</This></Map>
<Map><Unicode>0B9C0BC6</Unicode><This>00F600E1</This></Map>
<Map><Unicode>0BB00BC8</Unicode><This>00F800B5</This></Map>
<Map><Unicode>0BB00BC6</Unicode><This>00F600B5</This></Map>
<Map><Unicode>0BAE0BC8</Unicode><This>00F800A9</This></Map>
<Map><Unicode>0BAE0BC6</Unicode><This>00F600A9</This></Map>
<Map><Unicode>0BAA0BC8</Unicode><This>00F800A3</This></Map>
<Map><Unicode>0BAA0BC6</Unicode><This>00F600A3</This></Map>
<Map><Unicode>0BB20BC8</Unicode><This>00F800BB</This></Map>
<Map><Unicode>0BB20BC6</Unicode><This>00F600BB</This></Map>
<Map><Unicode>0BAF0BC8</Unicode><This>00F800AF</This></Map>
<Map><Unicode>0BAF0BC6</Unicode><This>00F600AF</This></Map>
<Map><Unicode>0BA80BC8</Unicode><This>00F8007C</This></Map>
<Map><Unicode>0BA80BC6</Unicode><This>00F6007C</This></Map>
<Map><Unicode>0B9A0BC8</Unicode><This>00F8005C</This></Map>
<Map><Unicode>0B9A0BC6</Unicode><This>00F6005C</This></Map>
<Map><Unicode>0B950BCD0BB70BC2</Unicode><This>00F100FC</This></Map>
<Map><Unicode>0B950BCD0BB70BC1</Unicode><This>00F100FA</This></Map>
<Map><Unicode>0B950BCD0BB70BBE</Unicode><This>00F100F5</This></Map>
<Map><Unicode>0BA30BBE</Unicode><This>006E00F5</This></Map>
<Map><Unicode>0B94</Unicode><This>004A00CD</This></Map>
<Map><Unicode>0BB90BC2</Unicode><This>00ED00FC</This></Map>
<Map><Unicode>0BB90BC1</Unicode><This>00ED00FA</This></Map>
<Map><Unicode>0BB90BBE</Unicode><This>00ED00F5</This></Map>
<Map><Unicode>0B9F0BBE</Unicode><This>006800F5</This></Map>
<Map><Unicode>0BB80BC2</Unicode><This>00E900FC</This></Map>
<Map><Unicode>0BB80BC1</Unicode><This>00E900FA</This></Map>
<Map><Unicode>0BB80BBE</Unicode><This>00E900F5</This></Map>
<Map><Unicode>0BB40BBE</Unicode><This>00C700F5</This></Map>
<Map><Unicode>0B9E0BBE</Unicode><This>006200F5</This></Map>
<Map><Unicode>0BB70BC2</Unicode><This>00E500FC</This></Map>
<Map><Unicode>0BB70BC1</Unicode><This>00E500FA</This></Map>
<Map><Unicode>0B9C0BC2</Unicode><This>00E100FC</This></Map>
<Map><Unicode>0B9C0BC1</Unicode><This>00E100FA</This></Map>
<Map><Unicode>0BB70BBE</Unicode><This>00E500F5</This></Map>
<Map><Unicode>0BB50BBE</Unicode><This>00C100F5</This></Map>
<Map><Unicode>0B9C0BBE</Unicode><This>00E100F5</This></Map>
<Map><Unicode>0BB00BBE</Unicode><This>00B500F5</This></Map>
<Map><Unicode>0BAE0BBE</Unicode><This>00A900F5</This></Map>
<Map><Unicode>0BAA0BBE</Unicode><This>00A300F5</This></Map>
<Map><Unicode>0B990BC7</Unicode><This>00F70056</This></Map>
<Map><Unicode>0BA90BC7</Unicode><This>00F700DA</This></Map>
<Map><Unicode>0BA40BC7</Unicode><This>00F70075</This></Map>
<Map><Unicode>0B950BC7</Unicode><This>00F70050</This></Map>
<Map><Unicode>0BB10BC7</Unicode><This>00F700D3</This></Map>
<Map><Unicode>0B950BCD0BB70BC7</Unicode><This>00F700F1</This></Map>
<Map><Unicode>0BA30BC7</Unicode><This>00F7006E</This></Map>
<Map><Unicode>0BB30BC7</Unicode><This>00F700CD</This></Map>
<Map><Unicode>0BB90BC7</Unicode><This>00F700ED</This></Map>
<Map><Unicode>0B9F0BC7</Unicode><This>00F70068</This></Map>
<Map><Unicode>0BB80BC7</Unicode><This>00F700E9</This></Map>
<Map><Unicode>0BB40BC7</Unicode><This>00F700C7</This></Map>
<Map><Unicode>0B9E0BC7</Unicode><This>00F70062</This></Map>
<Map><Unicode>0BB70BC7</Unicode><This>00F700E5</This></Map>
<Map><Unicode>0BB50BC7</Unicode><This>00F700C1</This></Map>
<Map><Unicode>0B9C0BC7</Unicode><This>00F700E1</This></Map>
<Map><Unicode>0BB00BC7</Unicode><This>00F700B5</This></Map>
<Map><Unicode>0BAE0BC7</Unicode><This>00F700A9</This></Map>
<Map><Unicode>0BAA0BC7</Unicode><This>00F700A3</This></Map>
<Map><Unicode>0BB20BC7</Unicode><This>00F700BB</This></Map>
<Map><Unicode>0BAF0BC7</Unicode><This>00F700AF</This></Map>
<Map><Unicode>0BA80BC7</Unicode><This>00F7007C</This></Map>
<Map><Unicode>0B9A0BC7</Unicode><This>00F7005C</This></Map>
<Map><Unicode>0BB20BBE</Unicode><This>00BB00F5</This></Map>
<Map><Unicode>0BAF0BBE</Unicode><This>00AF00F5</This></Map>
<Map><Unicode>0BA80BBE</Unicode><This>007C00F5</This></Map>
<Map><Unicode>0B9A0BBE</Unicode><This>005C00F5</This></Map>
<Map><Unicode>201C</Unicode><This>00220022</This></Map>
<Map><Unicode>201D</Unicode><This>00270027</This></Map>
<Map><Unicode>0BA40BCD</Unicode><This>007A</This></Map>
<Map><Unicode>0B990BC2</Unicode><This>005A</This></Map>
<Map><Unicode>0BB80BCD0BB00BC0</Unicode><This>00FF</This></Map>
<Map><Unicode>0BB00BC0</Unicode><This>0178</This></Map>
<Map><Unicode>0BB00BC0</Unicode><This>009F</This></Map>
<Map><Unicode>0BA90BC1</Unicode><This>00DD</This></Map>
<Map><Unicode>0B990BC1</Unicode><This>0059</This></Map>
<Map><Unicode>0BA40BC2</Unicode><This>0079</This></Map>
<Map><Unicode>0B990BC0</Unicode><This>0058</This></Map>
<Map><Unicode>0BA40BC1</Unicode><This>0078</This></Map>
<Map><Unicode>0B990BBF</Unicode><This>0057</This></Map>
<Map><Unicode>0BA40BC0</Unicode><This>0077</This></Map>
<Map><Unicode>0B99</Unicode><This>0056</This></Map>
<Map><Unicode>0BA40BBF</Unicode><This>0076</This></Map>
<Map><Unicode>0BA90BC0</Unicode><This>00DC</This></Map>
<Map><Unicode>0BA90BBF</Unicode><This>00DB</This></Map>
<Map><Unicode>0BA9</Unicode><This>00DA</This></Map>
<Map><Unicode>0BA4</Unicode><This>0075</This></Map>
<Map><Unicode>0B950BCD</Unicode><This>0055</This></Map>
<Map><Unicode>0BA90BC2</Unicode><This>00DE</This></Map>
<Map><Unicode>0B950BC2</Unicode><This>0054</This></Map>
<Map><Unicode>0BA90BCD</Unicode><This>00DF</This></Map>
<Map><Unicode>0BA30BCD</Unicode><This>0073</This></Map>
<Map><Unicode>0B950BC1</Unicode><This>0053</This></Map>
<Map><Unicode>0B950BC0</Unicode><This>0052</This></Map>
<Map><Unicode>0BA30BC2</Unicode><This>0072</This></Map>
<Map><Unicode>0B950BBF</Unicode><This>0051</This></Map>
<Map><Unicode>0BA30BC1</Unicode><This>0071</This></Map>
<Map><Unicode>0B95</Unicode><This>0050</This></Map>
<Map><Unicode>0BA30BC0</Unicode><This>0070</This></Map>
<Map><Unicode>0BB10BCD</Unicode><This>00D8</This></Map>
<Map><Unicode>0BB10BC0</Unicode><This>00D5</This></Map>
<Map><Unicode>0BB10BC1</Unicode><This>00D6</This></Map>
<Map><Unicode>0B950BCD0BB70BCD</Unicode><This>00F4</This></Map>
<Map><Unicode>0BB10BBF</Unicode><This>00D4</This></Map>
<Map><Unicode>0BB30BCD</Unicode><This>00D2</This></Map>
<Map><Unicode>0B950BCD0BB70BBF</Unicode><This>00F2</This></Map>
<Map><Unicode>0BB1</Unicode><This>00D3</This></Map>
<Map><Unicode>0B950BCD0BB70BC0</Unicode><This>00F3</This></Map>
<Map><Unicode>0BB00BCD</Unicode><This>00BA</This></Map>
<Map><Unicode>0BB00BCD</Unicode><This>00BA</This></Map>
<Map><Unicode>0BA30BBF</Unicode><This>006F</This></Map>
<Map><Unicode>0B950BCD0BB7</Unicode><This>00F1</This></Map>
<Map><Unicode>0BB30BC2</Unicode><This>00D1</This></Map>
<Map><Unicode>0BA3</Unicode><This>006E</This></Map>
<Map><Unicode>0B9F0BCD</Unicode><This>006D</This></Map>
<Map><Unicode>0B83</Unicode><This>004C</This></Map>
<Map><Unicode>0B9F0BC2</Unicode><This>006C</This></Map>
<Map><Unicode>0B93</Unicode><This>004B</This></Map>
<Map><Unicode>0B9F0BC1</Unicode><This>006B</This></Map>
<Map><Unicode>0B92</Unicode><This>004A</This></Map>
<Map><Unicode>0B9F0BC0</Unicode><This>006A</This></Map>
<Map><Unicode>0BB90BC0</Unicode><This>00EF</This></Map>
<Map><Unicode>0BB90BBF</Unicode><This>00EE</This></Map>
<Map><Unicode>0BB40BCD</Unicode><This>00CC</This></Map>
<Map><Unicode>0BB80BCD</Unicode><This>00EC</This></Map>
<Map><Unicode>0BB3</Unicode><This>00CD</This></Map>
<Map><Unicode>0BB9</Unicode><This>00ED</This></Map>
<Map><Unicode>0B90</Unicode><This>0049</This></Map>
<Map><Unicode>0B9F0BBF</Unicode><This>0069</This></Map>
<Map><Unicode>0B8F</Unicode><This>0048</This></Map>
<Map><Unicode>0B9F</Unicode><This>0068</This></Map>
<Map><Unicode>0B8E</Unicode><This>0047</This></Map>
<Map><Unicode>0B9E0BCD</Unicode><This>0067</This></Map>
<Map><Unicode>0B8A</Unicode><This>0046</This></Map>
<Map><Unicode>0B9E0BC2</Unicode><This>0066</This></Map>
<Map><Unicode>0BB80BC0</Unicode><This>00EB</This></Map>
<Map><Unicode>0BB40BC2</Unicode><This>00CB</This></Map>
<Map><Unicode>0BB80BBF</Unicode><This>00EA</This></Map>
<Map><Unicode>0BB40BC1</Unicode><This>00CA</This></Map>
<Map><Unicode>0BB70BCD</Unicode><This>00E8</This></Map>
<Map><Unicode>0BB40BBF</Unicode><This>00C8</This></Map>
<Map><Unicode>0BB8</Unicode><This>00E9</This></Map>
<Map><Unicode>0BB40BC0</Unicode><This>00C9</This></Map>
<Map><Unicode>0B89</Unicode><This>0045</This></Map>
<Map><Unicode>0B9E0BC1</Unicode><This>0065</This></Map>
<Map><Unicode>0BB90BCD</Unicode><This>00F0</This></Map>
<Map><Unicode>0BB30BC1</Unicode><This>00D0</This></Map>
<Map><Unicode>0B88</Unicode><This>0044</This></Map>
<Map><Unicode>0B9E0BC0</Unicode><This>0064</This></Map>
<Map><Unicode>0BB4</Unicode><This>00C7</This></Map>
<Map><Unicode>0BB70BC0</Unicode><This>00E7</This></Map>
<Map><Unicode>0B87</Unicode><This>0043</This></Map>
<Map><Unicode>0B9E0BBF</Unicode><This>0063</This></Map>
<Map><Unicode>0B86</Unicode><This>0042</This></Map>
<Map><Unicode>0B9E</Unicode><This>0062</This></Map>
<Map><Unicode>0BB50BCD</Unicode><This>00C6</This></Map>
<Map><Unicode>0BB70BBF</Unicode><This>00E6</This></Map>
<Map><Unicode>0BB7</Unicode><This>00E5</This></Map>
<Map><Unicode>0BB50BC2</Unicode><This>00C5</This></Map>
<Map><Unicode>0BB50BC0</Unicode><This>00C3</This></Map>
<Map><Unicode>0B9C0BC0</Unicode><This>00E3</This></Map>
<Map><Unicode>0B9C0BCD</Unicode><This>00E4</This></Map>
<Map><Unicode>0BB50BC1</Unicode><This>00C4</This></Map>
<Map><Unicode>0BB50BBF</Unicode><This>00C2</This></Map>
<Map><Unicode>0B9C0BBF</Unicode><This>00E2</This></Map>
<Map><Unicode>0BB20BCD</Unicode><This>00C0</This></Map>
<Map><Unicode>0BB5</Unicode><This>00C1</This></Map>
<Map><Unicode>0B9C</Unicode><This>00E1</This></Map>
<Map><Unicode>0BAE0BBF</Unicode><This>00AA</This></Map>
<Map><Unicode>0B85</Unicode><This>0041</This></Map>
<Map><Unicode>0B9A0BCD</Unicode><This>0061</This></Map>
<Map><Unicode>0BAF0BC2</Unicode><This>00B3</This></Map>
<Map><Unicode>0BAF0BC1</Unicode><This>00B2</This></Map>
<Map><Unicode>0BB00BC2</Unicode><This>00B9</This></Map>
<Map><Unicode>0BB20BC1</Unicode><This>00BE</This></Map>
<Map><Unicode>0BB20BC0</Unicode><This>00BD</This></Map>
<Map><Unicode>0BB20BBF</Unicode><This>00BC</This></Map>
<Map><Unicode>0BAE0BC2</Unicode><This>2030</This></Map>
<Map><Unicode>0BAE0BC1</Unicode><This>2022</This></Map>
<Map><Unicode>0BAE0BC2</Unicode><This>0089</This></Map>
<Map><Unicode>0BAE0BC1</Unicode><This>0095</This></Map>
<Map><Unicode>0BB0</Unicode><This>00B5</This></Map>
<Map><Unicode>0BAF0BBF</Unicode><This>00B0</This></Map>
<Map><Unicode>0BAE0BCD</Unicode><This>00AE</This></Map>
<Map><Unicode>0BAE</Unicode><This>00A9</This></Map>
<Map><Unicode>0BAA0BC2</Unicode><This>00A7</This></Map>
<Map><Unicode>0BAA0BC0</Unicode><This>00A5</This></Map>
<Map><Unicode>0BAA0BBF</Unicode><This>00A4</This></Map>
<Map><Unicode>0BAA</Unicode><This>00A3</This></Map>
<Map><Unicode>0BA80BCD</Unicode><This>00A2</This></Map>
<Map><Unicode>0BB10BC2</Unicode><This>00D7</This></Map>
<Map><Unicode>0BB2</Unicode><This>00BB</This></Map>
<Map><Unicode>0BAE0BC0</Unicode><This>00AB</This></Map>
<Map><Unicode>0BAF0BC0</Unicode><This>00B1</This></Map>
<Map><Unicode>003D</Unicode><This>003D</This></Map>
<Map><Unicode>002B</Unicode><This>002B</This></Map>
<Map><Unicode>0BB00BBF</Unicode><This>203A</This></Map>
<Map><Unicode>0BB00BBF</Unicode><This>009B</This></Map>
<Map><Unicode>0BB20BC2</Unicode><This>00BF</This></Map>
<Map><Unicode>0BB00BC1</Unicode><This>00B8</This></Map>
<Map><Unicode>0BAF0BCD</Unicode><This>00B4</This></Map>
<Map><Unicode>0BAF</Unicode><This>00AF</This></Map>
<Map><Unicode>0BAA0BCD</Unicode><This>00A8</This></Map>
<Map><Unicode>0BAA0BC1</Unicode><This>00A6</This></Map>
<Map><Unicode>0BA80BC2</Unicode><This>00A1</This></Map>
<Map><Unicode>0BA80BC1</Unicode><This>007E</This></Map>
<Map><Unicode>0BA80BC0</Unicode><This>007D</This></Map>
<Map><Unicode>0BA8</Unicode><This>007C</This></Map>
<Map><Unicode>0BA80BBF</Unicode><This>007B</This></Map>
<Map><Unicode>0B9A0BC2</Unicode><This>0060</This></Map>
<Map><Unicode>0B9A0BC1</Unicode><This>005F</This></Map>
<Map><Unicode>0B9A0BC0</Unicode><This>005E</This></Map>
<Map><Unicode>0B9A0BBF</Unicode><This>005D</This></Map>
<Map><Unicode>0B9A</Unicode><This>005C</This></Map>
<Map><Unicode>0B990BCD</Unicode><This>005B</This></Map>
<Map><Unicode>003F</Unicode><This>003F</This></Map>
<Map><Unicode>002F</Unicode><This>002F</This></Map>
<Map><Unicode>002E</Unicode><This>002E</This></Map>
<Map><Unicode>002C</Unicode><This>002C</This></Map>
<Map><Unicode>002A</Unicode><This>002A</This></Map>
<Map><Unicode>0029</Unicode><This>0029</This></Map>
<Map><Unicode>0028</Unicode><This>0028</This></Map>
<Map><Unicode>002D</Unicode><This>0026</This></Map>
<Map><Unicode>0025</Unicode><This>0025</This></Map>
<Map><Unicode>2018</Unicode><This>0022</This></Map>
<Map><Unicode>2019</Unicode><This>0027</This></Map>
<Map><Unicode>0039</Unicode><This>0039</This></Map>
<Map><Unicode>0038</Unicode><This>0038</This></Map>
<Map><Unicode>0037</Unicode><This>0037</This></Map>
<Map><Unicode>0036</Unicode><This>0036</This></Map>
<Map><Unicode>0035</Unicode><This>0035</This></Map>
<Map><Unicode>0034</Unicode><This>0034</This></Map>
<Map><Unicode>0033</Unicode><This>0033</This></Map>
<Map><Unicode>0032</Unicode><This>0032</This></Map>
<Map><Unicode>0031</Unicode><This>0031</This></Map>
<Map><Unicode>0030</Unicode><This>0030</This></Map>
</Table>