<?xml version="1.0"?>
<Table>
<Map><Unicode>0BB30BCB</Unicode><This>00AB00F700A3</This></Map>
<Map><Unicode>0BB30BCA</Unicode><This>00AA00F700A3</This></Map>
<Map><Unicode>0BB30BBE</Unicode><This>00F700A3</This></Map>
<Map><Unicode>0BB30BBF</Unicode><This>004F</This></Map>
<Map><Unicode>0BB30BC0</Unicode><This>006B</This></Map>
<Map><Unicode>0BA30BCB</Unicode><This>00AB00ED00A3</This></Map>
<Map><Unicode>0BB20BCB</Unicode><This>00AB00F400A3</This></Map>
<Map><Unicode>0BB10BCB</Unicode><This>00AB00F800A3</This></Map>
<Map><Unicode>0BB00BCB</Unicode><This>00AB00F300A3</This></Map>
<Map><Unicode>0BB50BCB</Unicode><This>00AB00F500A3</This></Map>
<Map><Unicode>0B9A0BCB</Unicode><This>00AB00EA00A3</This></Map>
<Map><Unicode>0B9E0BCB</Unicode><This>00AB00EB00A3</This></Map>
<Map><Unicode>0BB70BCB</Unicode><This>00AB00FB00A3</This></Map>
<Map><Unicode>0B9F0BCB</Unicode><This>00AB00EC00A3</This></Map>
<Map><Unicode>0BAE0BCB</Unicode><This>00AB00F100A3</This></Map>
<Map><Unicode>0BA40BCB</Unicode><This>00AB00EE00A3</This></Map>
<Map><Unicode>0BB40BCB</Unicode><This>00AB00F600A3</This></Map>
<Map><Unicode>0BAA0BCB</Unicode><This>00AB00F000A3</This></Map>
<Map><Unicode>0B950BCB</Unicode><This>00AB00E800A3</This></Map>
<Map><Unicode>0BA80BCB</Unicode><This>00AB00EF00A3</This></Map>
<Map><Unicode>0BA90BCB</Unicode><This>00AB00F900A3</This></Map>
<Map><Unicode>0B950BCD0BB70BCB</Unicode><This>00AB00FE00A3</This></Map>
<Map><Unicode>0BAF0BCB</Unicode><This>00AB00F200A3</This></Map>
<Map><Unicode>0BB90BCB</Unicode><This>00AB00FD00A3</This></Map>
<Map><Unicode>0B990BCB</Unicode><This>00AB00E900A3</This></Map>
<Map><Unicode>0BB80BCB</Unicode><This>00AB00FA00A3</This></Map>
<Map><Unicode>0B9C0BCB</Unicode><This>00AB00FC00A3</This></Map>
<Map><Unicode>0BA30BCC</Unicode><This>00AA00ED00F7</This></Map>
<Map><Unicode>0BA30BCA</Unicode><This>00AA00ED00A3</This></Map>
<Map><Unicode>0BB20BCC</Unicode><This>00AA00F400F7</This></Map>
<Map><Unicode>0BB20BCA</Unicode><This>00AA00F400A3</This></Map>
<Map><Unicode>0BB10BCC</Unicode><This>00AA00F800F7</This></Map>
<Map><Unicode>0BB10BCA</Unicode><This>00AA00F800A3</This></Map>
<Map><Unicode>0BB00BCC</Unicode><This>00AA00F300F7</This></Map>
<Map><Unicode>0BB00BCA</Unicode><This>00AA00F300A3</This></Map>
<Map><Unicode>0BB50BCC</Unicode><This>00AA00F500F7</This></Map>
<Map><Unicode>0BB50BCA</Unicode><This>00AA00F500A3</This></Map>
<Map><Unicode>0BB30BCC</Unicode><This>00AA00F700F7</This></Map>
<Map><Unicode>0B9A0BCC</Unicode><This>00AA00EA00F7</This></Map>
<Map><Unicode>0B9A0BCA</Unicode><This>00AA00EA00A3</This></Map>
<Map><Unicode>0B9E0BCC</Unicode><This>00AA00EB00F7</This></Map>
<Map><Unicode>0B9E0BCA</Unicode><This>00AA00EB00A3</This></Map>
<Map><Unicode>0BB70BCC</Unicode><This>00AA00FB00F7</This></Map>
<Map><Unicode>0BB70BCA</Unicode><This>00AA00FB00A3</This></Map>
<Map><Unicode>0B9F0BCC</Unicode><This>00AA00EC00F7</This></Map>
<Map><Unicode>0B9F0BCA</Unicode><This>00AA00EC00A3</This></Map>
<Map><Unicode>0BAE0BCC</Unicode><This>00AA00F100F7</This></Map>
<Map><Unicode>0BAE0BCA</Unicode><This>00AA00F100A3</This></Map>
<Map><Unicode>0BA40BCC</Unicode><This>00AA00EE00F7</This></Map>
<Map><Unicode>0BA40BCA</Unicode><This>00AA00EE00A3</This></Map>
<Map><Unicode>0BB40BCC</Unicode><This>00AA00F600F7</This></Map>
<Map><Unicode>0BB40BCA</Unicode><This>00AA00F600A3</This></Map>
<Map><Unicode>0BAA0BCC</Unicode><This>00AA00F000F7</This></Map>
<Map><Unicode>0BAA0BCA</Unicode><This>00AA00F000A3</This></Map>
<Map><Unicode>0B950BCC</Unicode><This>00AA00E800F7</This></Map>
<Map><Unicode>0B950BCA</Unicode><This>00AA00E800A3</This></Map>
<Map><Unicode>0BA80BCC</Unicode><This>00AA00EF00F7</This></Map>
<Map><Unicode>0BA80BCA</Unicode><This>00AA00EF00A3</This></Map>
<Map><Unicode>0BA90BCC</Unicode><This>00AA00F900F7</This></Map>
<Map><Unicode>0BA90BCA</Unicode><This>00AA00F900A3</This></Map>
<Map><Unicode>0B950BCD0BB70BCC</Unicode><This>00AA00FE00F7</This></Map>
<Map><Unicode>0B950BCD0BB70BCA</Unicode><This>00AA00FE00A3</This></Map>
<Map><Unicode>0BAF0BCC</Unicode><This>00AA00F200F7</This></Map>
<Map><Unicode>0BB90BCC</Unicode><This>00AA00FD00F7</This></Map>
<Map><Unicode>0BAF0BCA</Unicode><This>00AA00F200A3</This></Map>
<Map><Unicode>0BB90BCA</Unicode><This>00AA00FD00A3</This></Map>
<Map><Unicode>0B990BCC</Unicode><This>00AA00E900F7</This></Map>
<Map><Unicode>0B990BCA</Unicode><This>00AA00E900A3</This></Map>
<Map><Unicode>0BB80BCC</Unicode><This>00AA00FA00F7</This></Map>
<Map><Unicode>0BB80BCA</Unicode><This>00AA00FA00A3</This></Map>
<Map><Unicode>0B9C0BCC</Unicode><This>00AA00FC00F7</This></Map>
<Map><Unicode>0B9C0BCA</Unicode><This>00AA00FC00A3</This></Map>
<Map><Unicode>0BA30BBE</Unicode><This>00ED00A3</This></Map>
<Map><Unicode>0BB20BBE</Unicode><This>00F400A3</This></Map>
<Map><Unicode>0B94</Unicode><This>00E500F7</This></Map>
<Map><Unicode>0BB10BBE</Unicode><This>00F800A3</This></Map>
<Map><Unicode>0BB00BBE</Unicode><This>00F300A3</This></Map>
<Map><Unicode>0BB50BBE</Unicode><This>00F500A3</This></Map>
<Map><Unicode>0B9A0BBE</Unicode><This>00EA00A3</This></Map>
<Map><Unicode>0B9E0BBE</Unicode><This>00EB00A3</This></Map>
<Map><Unicode>0BB70BBE</Unicode><This>00FB00A3</This></Map>
<Map><Unicode>0BB70BC2</Unicode><This>00FB00A8</This></Map>
<Map><Unicode>0BB70BC1</Unicode><This>00FB00A7</This></Map>
<Map><Unicode>0BA30BC7</Unicode><This>00AB00ED</This></Map>
<Map><Unicode>0BB20BC7</Unicode><This>00AB00F4</This></Map>
<Map><Unicode>0BB10BC7</Unicode><This>00AB00F8</This></Map>
<Map><Unicode>0BB00BC7</Unicode><This>00AB00F3</This></Map>
<Map><Unicode>0BB50BC7</Unicode><This>00AB00F5</This></Map>
<Map><Unicode>0BB30BC7</Unicode><This>00AB00F7</This></Map>
<Map><Unicode>0B9A0BC7</Unicode><This>00AB00EA</This></Map>
<Map><Unicode>0B9E0BC7</Unicode><This>00AB00EB</This></Map>
<Map><Unicode>0BB70BC7</Unicode><This>00AB00FB</This></Map>
<Map><Unicode>0B9F0BC7</Unicode><This>00AB00EC</This></Map>
<Map><Unicode>0BAE0BC7</Unicode><This>00AB00F1</This></Map>
<Map><Unicode>0BA40BC7</Unicode><This>00AB00EE</This></Map>
<Map><Unicode>0BB40BC7</Unicode><This>00AB00F6</This></Map>
<Map><Unicode>0BAA0BC7</Unicode><This>00AB00F0</This></Map>
<Map><Unicode>0B950BC7</Unicode><This>00AB00E8</This></Map>
<Map><Unicode>0BA80BC7</Unicode><This>00AB00EF</This></Map>
<Map><Unicode>0BA90BC7</Unicode><This>00AB00F9</This></Map>
<Map><Unicode>0B950BCD0BB70BC7</Unicode><This>00AB00FE</This></Map>
<Map><Unicode>0BAF0BC7</Unicode><This>00AB00F2</This></Map>
<Map><Unicode>0BB90BC7</Unicode><This>00AB00FD</This></Map>
<Map><Unicode>0B990BC7</Unicode><This>00AB00E9</This></Map>
<Map><Unicode>0BB80BC7</Unicode><This>00AB00FA</This></Map>
<Map><Unicode>0B9C0BC7</Unicode><This>00AB00FC</This></Map>
<Map><Unicode>0B9F0BBE</Unicode><This>00EC00A3</This></Map>
<Map><Unicode>0BAE0BBE</Unicode><This>00F100A3</This></Map>
<Map><Unicode>0BA40BBE</Unicode><This>00EE00A3</This></Map>
<Map><Unicode>0BA30BC8</Unicode><This>00AC00ED</This></Map>
<Map><Unicode>0BB20BC8</Unicode><This>00AC00F4</This></Map>
<Map><Unicode>0BB10BC8</Unicode><This>00AC00F8</This></Map>
<Map><Unicode>0BB00BC8</Unicode><This>00AC00F3</This></Map>
<Map><Unicode>0BB50BC8</Unicode><This>00AC00F5</This></Map>
<Map><Unicode>0BB30BC8</Unicode><This>00AC00F7</This></Map>
<Map><Unicode>0B9A0BC8</Unicode><This>00AC00EA</This></Map>
<Map><Unicode>0B9E0BC8</Unicode><This>00AC00EB</This></Map>
<Map><Unicode>0BB70BC8</Unicode><This>00AC00FB</This></Map>
<Map><Unicode>0B9F0BC8</Unicode><This>00AC00EC</This></Map>
<Map><Unicode>0BAE0BC8</Unicode><This>00AC00F1</This></Map>
<Map><Unicode>0BA40BC8</Unicode><This>00AC00EE</This></Map>
<Map><Unicode>0BB40BC8</Unicode><This>00AC00F6</This></Map>
<Map><Unicode>0BAA0BC8</Unicode><This>00AC00F0</This></Map>
<Map><Unicode>0B950BC8</Unicode><This>00AC00E8</This></Map>
<Map><Unicode>0BA80BC8</Unicode><This>00AC00EF</This></Map>
<Map><Unicode>0BA90BC8</Unicode><This>00AC00F9</This></Map>
<Map><Unicode>0B950BCD0BB70BC8</Unicode><This>00AC00FE</This></Map>
<Map><Unicode>0BAF0BC8</Unicode><This>00AC00F2</This></Map>
<Map><Unicode>0BB90BC8</Unicode><This>00AC00FD</This></Map>
<Map><Unicode>0B990BC8</Unicode><This>00AC00E9</This></Map>
<Map><Unicode>0BB80BC8</Unicode><This>00AC00FA</This></Map>
<Map><Unicode>0B9C0BC8</Unicode><This>00AC00FC</This></Map>
<Map><Unicode>0BB40BBE</Unicode><This>00F600A3</This></Map>
<Map><Unicode>0BAA0BBE</Unicode><This>00F000A3</This></Map>
<Map><Unicode>0B950BBE</Unicode><This>00E800A3</This></Map>
<Map><Unicode>0BA80BBE</Unicode><This>00EF00A3</This></Map>
<Map><Unicode>0BA90BBE</Unicode><This>00F900A3</This></Map>
<Map><Unicode>0BA30BC6</Unicode><This>00AA00ED</This></Map>
<Map><Unicode>0BB20BC6</Unicode><This>00AA00F4</This></Map>
<Map><Unicode>0BB10BC6</Unicode><This>00AA00F8</This></Map>
<Map><Unicode>0BB00BC6</Unicode><This>00AA00F3</This></Map>
<Map><Unicode>0BB50BC6</Unicode><This>00AA00F5</This></Map>
<Map><Unicode>0BB30BC6</Unicode><This>00AA00F7</This></Map>
<Map><Unicode>0B9A0BC6</Unicode><This>00AA00EA</This></Map>
<Map><Unicode>0B9E0BC6</Unicode><This>00AA00EB</This></Map>
<Map><Unicode>0BB70BC6</Unicode><This>00AA00FB</This></Map>
<Map><Unicode>0B9F0BC6</Unicode><This>00AA00EC</This></Map>
<Map><Unicode>0BAE0BC6</Unicode><This>00AA00F1</This></Map>
<Map><Unicode>0BA40BC6</Unicode><This>00AA00EE</This></Map>
<Map><Unicode>0B950BCD0BB70BBE</Unicode><This>00FE00A3</This></Map>
<Map><Unicode>0BB40BC6</Unicode><This>00AA00F6</This></Map>
<Map><Unicode>0BAA0BC6</Unicode><This>00AA00F0</This></Map>
<Map><Unicode>0B950BC6</Unicode><This>00AA00E8</This></Map>
<Map><Unicode>0BA80BC6</Unicode><This>00AA00EF</This></Map>
<Map><Unicode>0BA90BC6</Unicode><This>00AA00F9</This></Map>
<Map><Unicode>0B950BCD0BB70BC6</Unicode><This>00AA00FE</This></Map>
<Map><Unicode>0BAF0BC6</Unicode><This>00AA00F2</This></Map>
<Map><Unicode>0BB90BC6</Unicode><This>00AA00FD</This></Map>
<Map><Unicode>0B990BC6</Unicode><This>00AA00E9</This></Map>
<Map><Unicode>0B950BCD0BB70BC2</Unicode><This>00FE00A8</This></Map>
<Map><Unicode>0BB80BC6</Unicode><This>00AA00FA</This></Map>
<Map><Unicode>0B950BCD0BB70BC1</Unicode><This>00FE00A7</This></Map>
<Map><Unicode>0B9C0BC6</Unicode><This>00AA00FC</This></Map>
<Map><Unicode>0BAF0BBE</Unicode><This>00F200A3</This></Map>
<Map><Unicode>0BB90BBE</Unicode><This>00FD00A3</This></Map>
<Map><Unicode>0BB90BC2</Unicode><This>00FD00A8</This></Map>
<Map><Unicode>0BB90BC1</Unicode><This>00FD00A7</This></Map>
<Map><Unicode>0B990BBE</Unicode><This>00E900A3</This></Map>
<Map><Unicode>0BB80BBE</Unicode><This>00FA00A3</This></Map>
<Map><Unicode>0BB80BC2</Unicode><This>00FA00A8</This></Map>
<Map><Unicode>0BB80BC1</Unicode><This>00FA00A7</This></Map>
<Map><Unicode>0B9C0BBE</Unicode><This>00FC00A3</This></Map>
<Map><Unicode>0B9C0BC2</Unicode><This>00FC00A8</This></Map>
<Map><Unicode>0B9C0BC1</Unicode><This>00FC00A7</This></Map>
<Map><Unicode>0BB70BCD</Unicode><This>0077</This></Map>
<Map><Unicode>0BA3</Unicode><This>00ED</This></Map>
<Map><Unicode>0BB30BCD</Unicode><This>0153</This></Map>
<Map><Unicode>0BB30BCD</Unicode><This>009C</This></Map>
<Map><Unicode>0BB20BC2</Unicode><This>00D6</This></Map>
<Map><Unicode>0BB20BC1</Unicode><This>00BD</This></Map>
<Map><Unicode>0BB2</Unicode><This>00F4</This></Map>
<Map><Unicode>0B92</Unicode><This>00E5</This></Map>
<Map><Unicode>0B93</Unicode><This>00E6</This></Map>
<Map><Unicode>0BB10BC1</Unicode><This>00C1</This></Map>
<Map><Unicode>0BB1</Unicode><This>00F8</This></Map>
<Map><Unicode>0B8E</Unicode><This>00E2</This></Map>
<Map><Unicode>0B8F</Unicode><This>00E3</This></Map>
<Map><Unicode>0BA90BC0</Unicode><This>006D</This></Map>
<Map><Unicode>0BA80BC2</Unicode><This>00CB</This></Map>
<Map><Unicode>0BAE0BC0</Unicode><This>0065</This></Map>
<Map><Unicode>0BA30BC2</Unicode><This>00C8</This></Map>
<Map><Unicode>0BA30BC0</Unicode><This>0061</This></Map>
<Map><Unicode>0BB10BC2</Unicode><This>00DA</This></Map>
<Map><Unicode>0BA80BC0</Unicode><This>0063</This></Map>
<Map><Unicode>0B9E0BC2</Unicode><This>00C6</This></Map>
<Map><Unicode>0BB00BC1</Unicode><This>00BC</This></Map>
<Map><Unicode>0BB0</Unicode><This>00F3</This></Map>
<Map><Unicode>0B950BC2</Unicode><This>00C3</This></Map>
<Map><Unicode>0BB5</Unicode><This>00F5</This></Map>
<Map><Unicode>0BB00BC0</Unicode><This>0067</This></Map>
<Map><Unicode>0B9E0BCD</Unicode><This>2026</This></Map>
<Map><Unicode>0BB20BCD</Unicode><This>2122</This></Map>
<Map><Unicode>0B9E0BCD</Unicode><This>0085</This></Map>
<Map><Unicode>0BB20BCD</Unicode><This>0099</This></Map>
<Map><Unicode>0BB30BC1</Unicode><This>00C0</This></Map>
<Map><Unicode>0BB3</Unicode><This>00F7</This></Map>
<Map><Unicode>0B9A0BC1</Unicode><This>00B2</This></Map>
<Map><Unicode>0B9A</Unicode><This>00EA</This></Map>
<Map><Unicode>0BA30BC1</Unicode><This>00B5</This></Map>
<Map><Unicode>0BB30BC2</Unicode><This>00D9</This></Map>
<Map><Unicode>0BAF0BC0</Unicode><This>0066</This></Map>
<Map><Unicode>0B9E</Unicode><This>00EB</This></Map>
<Map><Unicode>0BAF0BCD</Unicode><This>0152</This></Map>
<Map><Unicode>0BB40BCD</Unicode><This>203A</This></Map>
<Map><Unicode>0BAF0BCD</Unicode><This>008C</This></Map>
<Map><Unicode>0BB40BCD</Unicode><This>009B</This></Map>
<Map><Unicode>0B950BCD0BB70BBF</Unicode><This>0056</This></Map>
<Map><Unicode>0B9E0BC0</Unicode><This>005A</This></Map>
<Map><Unicode>0BAA0BC0</Unicode><This>0064</This></Map>
<Map><Unicode>0BB7</Unicode><This>00FB</This></Map>
<Map><Unicode>0BB10BC0</Unicode><This>006C</This></Map>
<Map><Unicode>0BA40BC2</Unicode><This>00C9</This></Map>
<Map><Unicode>0BA40BC0</Unicode><This>0062</This></Map>
<Map><Unicode>0BAF0BC2</Unicode><This>00CE</This></Map>
<Map><Unicode>0BAA0BC1</Unicode><This>00B9</This></Map>
<Map><Unicode>0B9A0BC0</Unicode><This>0059</This></Map>
<Map><Unicode>0BAA0BC2</Unicode><This>00CC</This></Map>
<Map><Unicode>0B950BCD0BB70BCD</Unicode><This>007A</This></Map>
<Map><Unicode>0B9F0BBF</Unicode><This>00AE</This></Map>
<Map><Unicode>0B9F0BC0</Unicode><This>00AF</This></Map>
<Map><Unicode>0B950BC0</Unicode><This>0057</This></Map>
<Map><Unicode>0BB50BC2</Unicode><This>00D7</This></Map>
<Map><Unicode>0B9A0BC2</Unicode><This>00C5</This></Map>
<Map><Unicode>0B85</Unicode><This>00DC</This></Map>
<Map><Unicode>0B86</Unicode><This>00DD</This></Map>
<Map><Unicode>0B9F0BC1</Unicode><This>00B4</This></Map>
<Map><Unicode>0B9F</Unicode><This>00EC</This></Map>
<Map><Unicode>0BAE0BC1</Unicode><This>00BA</This></Map>
<Map><Unicode>0BAE</Unicode><This>00F1</This></Map>
<Map><Unicode>0BA40BC1</Unicode><This>00B6</This></Map>
<Map><Unicode>0BA4</Unicode><This>00EE</This></Map>
<Map><Unicode>0BB90BBF</Unicode><This>0055</This></Map>
<Map><Unicode>0B87</Unicode><This>00DE</This></Map>
<Map><Unicode>0BB70BBF</Unicode><This>0053</This></Map>
<Map><Unicode>0BB50BC1</Unicode><This>00BE</This></Map>
<Map><Unicode>0B950BCD0BB70BC0</Unicode><This>0072</This></Map>
<Map><Unicode>0BB80BBF</Unicode><This>0052</This></Map>
<Map><Unicode>0B9C0BBF</Unicode><This>0054</This></Map>
<Map><Unicode>0BAF0BC1</Unicode><This>00BB</This></Map>
<Map><Unicode>0B90</Unicode><This>00E4</This></Map>
<Map><Unicode>0BB4</Unicode><This>00F6</This></Map>
<Map><Unicode>0BB40BC1</Unicode><This>00BF</This></Map>
<Map><Unicode>0BAA</Unicode><This>00F0</This></Map>
<Map><Unicode>0B950BC1</Unicode><This>00B0</This></Map>
<Map><Unicode>0B95</Unicode><This>00E8</This></Map>
<Map><Unicode>0BB90BC0</Unicode><This>0071</This></Map>
<Map><Unicode>0BB40BBF</Unicode><This>004E</This></Map>
<Map><Unicode>0BB70BC0</Unicode><This>006F</This></Map>
<Map><Unicode>0BB20BBF</Unicode><This>004C</This></Map>
<Map><Unicode>0BB80BC0</Unicode><This>006E</This></Map>
<Map><Unicode>0BB50BBF</Unicode><This>004D</This></Map>
<Map><Unicode>0B9C0BC0</Unicode><This>0070</This></Map>
<Map><Unicode>0BA80BC1</Unicode><This>00B8</This></Map>
<Map><Unicode>0BA8</Unicode><This>00EF</This></Map>
<Map><Unicode>0BA90BC1</Unicode><This>00C2</This></Map>
<Map><Unicode>0BA9</Unicode><This>00F9</This></Map>
<Map><Unicode>0BB00BBF</Unicode><This>004B</This></Map>
<Map><Unicode>0B89</Unicode><This>00E0</This></Map>
<Map><Unicode>0B8A</Unicode><This>00E1</This></Map>
<Map><Unicode>0B950BCD0BB7</Unicode><This>00FE</This></Map>
<Map><Unicode>0BAF0BBF</Unicode><This>004A</This></Map>
<Map><Unicode>0BB40BC0</Unicode><This>006A</This></Map>
<Map><Unicode>0BA90BBF</Unicode><This>0051</This></Map>
<Map><Unicode>0BB50BC0</Unicode><This>0069</This></Map>
<Map><Unicode>0BA80BBF</Unicode><This>0047</This></Map>
<Map><Unicode>0BAA0BBF</Unicode><This>0048</This></Map>
<Map><Unicode>0BAE0BBF</Unicode><This>0049</This></Map>
<Map><Unicode>0BB20BC0</Unicode><This>0068</This></Map>
<Map><Unicode>0BA30BBF</Unicode><This>0045</This></Map>
<Map><Unicode>0BA40BBF</Unicode><This>0046</This></Map>
<Map><Unicode>0BB90BCD</Unicode><This>0079</This></Map>
<Map><Unicode>0B990BBF</Unicode><This>0042</This></Map>
<Map><Unicode>0B9A0BBF</Unicode><This>0043</This></Map>
<Map><Unicode>0B9E0BBF</Unicode><This>0044</This></Map>
<Map><Unicode>0BA80BCD</Unicode><This>2030</This></Map>
<Map><Unicode>0BA80BCD</Unicode><This>0089</This></Map>
<Map><Unicode>0BAF</Unicode><This>00F2</This></Map>
<Map><Unicode>0BB9</Unicode><This>00FD</This></Map>
<Map><Unicode>0B990BC2</Unicode><This>00C4</This></Map>
<Map><Unicode>0B990BC1</Unicode><This>00B1</This></Map>
<Map><Unicode>0BB10BCD</Unicode><This>0178</This></Map>
<Map><Unicode>0BB10BCD</Unicode><This>009F</This></Map>
<Map><Unicode>0B99</Unicode><This>00E9</This></Map>
<Map><Unicode>0B990BC0</Unicode><This>0058</This></Map>
<Map><Unicode>0BB80BCD</Unicode><This>0076</This></Map>
<Map><Unicode>0BB00BCD</Unicode><This>02DC</This></Map>
<Map><Unicode>0BA30BCD</Unicode><This>2021</This></Map>
<Map><Unicode>0B990BCD</Unicode><This>0192</This></Map>
<Map><Unicode>0BAA0BCD</Unicode><This>0160</This></Map>
<Map><Unicode>0BA40BCD</Unicode><This>02C6</This></Map>
<Map><Unicode>0B9F0BCD</Unicode><This>2020</This></Map>
<Map><Unicode>0B9A0BCD</Unicode><This>201E</This></Map>
<Map><Unicode>0BB00BCD</Unicode><This>0098</This></Map>
<Map><Unicode>0BA30BCD</Unicode><This>0087</This></Map>
<Map><Unicode>0B990BCD</Unicode><This>0083</This></Map>
<Map><Unicode>0BAA0BCD</Unicode><This>008A</This></Map>
<Map><Unicode>0BA40BCD</Unicode><This>0088</This></Map>
<Map><Unicode>0B9F0BCD</Unicode><This>0086</This></Map>
<Map><Unicode>0B9A0BCD</Unicode><This>0084</This></Map>
<Map><Unicode>0B950BBF</Unicode><This>0041</This></Map>
<Map><Unicode>0BAE0BCD</Unicode><This>2039</This></Map>
<Map><Unicode>0BAE0BCD</Unicode><This>008B</This></Map>
<Map><Unicode>0BB40BC2</Unicode><This>00D8</This></Map>
<Map><Unicode>003D</Unicode><This>003D</This></Map>
<Map><Unicode>0B88</Unicode><This>00DF</This></Map>
<Map><Unicode>002B</Unicode><This>002B</This></Map>
<Map><Unicode>0BB50BCD</Unicode><This>0161</This></Map>
<Map><Unicode>0BB50BCD</Unicode><This>009A</This></Map>
<Map><Unicode>0BA90BCD</Unicode><This>00A1</This></Map>
<Map><Unicode>0022</Unicode><This>0022</This></Map>
<Map><Unicode>201D</Unicode><This>201D</This></Map>
<Map><Unicode>201C</Unicode><This>201C</This></Map>
<Map><Unicode>2019</Unicode><This>2019</This></Map>
<Map><Unicode>2018</Unicode><This>2018</This></Map>
<Map><Unicode>201D</Unicode><This>0094</This></Map>
<Map><Unicode>201C</Unicode><This>0093</This></Map>
<Map><Unicode>2019</Unicode><This>0092</This></Map>
<Map><Unicode>2018</Unicode><This>0091</This></Map>
<Map><Unicode>0BB10BBF</Unicode><This>0050</This></Map>
<Map><Unicode>0B950BCD</Unicode><This>201A</This></Map>
<Map><Unicode>0B950BCD</Unicode><This>0082</This></Map>
<Map><Unicode>0B83</Unicode><This>00E7</This></Map>
<Map><Unicode>0BA90BC2</Unicode><This>00DB</This></Map>
<Map><Unicode>0B9E0BC1</Unicode><This>00B3</This></Map>
<Map><Unicode>0B9C0BCD</Unicode><This>0078</This></Map>
<Map><Unicode>0060</Unicode><This>0060</This></Map>
<Map><Unicode>0BAE0BC2</Unicode><This>00CD</This></Map>
<Map><Unicode>0B9F0BC2</Unicode><This>00C7</This></Map>
<Map><Unicode>005C</Unicode><This>005C</This></Map>
<Map><Unicode>0BB8</Unicode><This>00FA</This></Map>
<Map><Unicode>003F</Unicode><This>003F</This></Map>
<Map><Unicode>003B</Unicode><This>003B</This></Map>
<Map><Unicode>003A</Unicode><This>003A</This></Map>
<Map><Unicode>002F</Unicode><This>002F</This></Map>
<Map><Unicode>002E</Unicode><This>002E</This></Map>
<Map><Unicode>002C</Unicode><This>002C</This></Map>
<Map><Unicode>002A</Unicode><This>002A</This></Map>
<Map><Unicode>0029</Unicode><This>0029</This></Map>
<Map><Unicode>0028</Unicode><This>0028</This></Map>
<Map><Unicode>0BB00BC2</Unicode><This>00CF</This></Map>
<Map><Unicode>0BB80BCD0BB00BC0</Unicode><This>00FF</This></Map>
<Map><Unicode>0B9C</Unicode><This>00FC</This></Map>
<Map><Unicode>0021</Unicode><This>0021</This></Map>
<Map><Unicode>002D</Unicode><This>002D</This></Map>
<Map><Unicode>0027</Unicode><This>0027</This></Map>
<Map><Unicode>0039</Unicode><This>0039</This></Map>
<Map><Unicode>0038</Unicode><This>0038</This></Map>
<Map><Unicode>0037</Unicode><This>0037</This></Map>
<Map><Unicode>0036</Unicode><This>0036</This></Map>
<Map><Unicode>0035</Unicode><This>0035</This></Map>
<Map><Unicode>0034</Unicode><This>0034</This></Map>
<Map><Unicode>0033</Unicode><This>0033</This></Map>
<Map><Unicode>0032</Unicode><This>0032</This></Map>
<Map><Unicode>0031</Unicode><This>0031</This></Map>
<Map><Unicode>0030</Unicode><This>0030</This></Map>
<Map><Unicode>003C</Unicode><This>003C</This></Map>
<Map><Unicode>003E</Unicode><This>003E</This></Map>
<Map><Unicode>005B</Unicode><This>005B</This></Map>
<Map><Unicode>005D</Unicode><This>005D</This></Map>
<Map><Unicode>005F</Unicode><This>005F</This></Map>
<Map><Unicode>007B</Unicode><This>007B</This></Map>
<Map><Unicode>007C</Unicode><This>007C</This></Map>
<Map><Unicode>007D</Unicode><This>007D</This></Map>
<Map><Unicode>0023</Unicode><This>0023</This></Map>
<Map><Unicode>0024</Unicode><This>0024</This></Map>
<Map><Unicode>0025</Unicode><This>0025</This></Map>
<Map><Unicode>0026</Unicode><This>0026</This></Map>
</Table>