<?xml version="1.0"?>
<Table>
<Map><Unicode>0BB30BCB</Unicode><This>00A700C700A1</This></Map>
<Map><Unicode>0BB30BCB</Unicode><This>00A700AA00A1</This></Map>
<Map><Unicode>0BB30BCA</Unicode><This>00A600C700A1</This></Map>
<Map><Unicode>0BB30BCA</Unicode><This>00A600AA00A1</This></Map>
<Map><Unicode>0BB30BBE</Unicode><This>00C700A1</This></Map>
<Map><Unicode>0BB30BBE</Unicode><This>00AA00A1</This></Map>
<Map><Unicode>0BB30BBF</Unicode><This>00C700A2</This></Map>
<Map><Unicode>0BB30BBF</Unicode><This>00AA00A2</This></Map>
<Map><Unicode>0BB30BC0</Unicode><This>00C700A3</This></Map>
<Map><Unicode>0BB30BC0</Unicode><This>00AA00A3</This></Map>
<Map><Unicode>0B950BCD0BB70BCA</Unicode><This>00A6202100A1</This></Map>
<Map><Unicode>0B950BCD0BB70BCB</Unicode><This>00A7202100A1</This></Map>
<Map><Unicode>0B950BCD0BB70BCC</Unicode><This>00A6202100AA</This></Map>
<Map><Unicode>0B950BCD0BB70BCA</Unicode><This>00A6008700A1</This></Map>
<Map><Unicode>0B950BCD0BB70BCB</Unicode><This>00A7008700A1</This></Map>
<Map><Unicode>0B950BCD0BB70BCC</Unicode><This>00A6008700AA</This></Map>
<Map><Unicode>0B950BCA</Unicode><This>00A600B800A1</This></Map>
<Map><Unicode>0B990BCA</Unicode><This>00A600B900A1</This></Map>
<Map><Unicode>0B9A0BCA</Unicode><This>00A600BA00A1</This></Map>
<Map><Unicode>0B9E0BCA</Unicode><This>00A600BB00A1</This></Map>
<Map><Unicode>0B9F0BCA</Unicode><This>00A600BC00A1</This></Map>
<Map><Unicode>0BA30BCA</Unicode><This>00A600BD00A1</This></Map>
<Map><Unicode>0BA40BCA</Unicode><This>00A600BE00A1</This></Map>
<Map><Unicode>0BA80BCA</Unicode><This>00A600BF00A1</This></Map>
<Map><Unicode>0BAA0BCA</Unicode><This>00A600C000A1</This></Map>
<Map><Unicode>0BAE0BCA</Unicode><This>00A600C100A1</This></Map>
<Map><Unicode>0BAF0BCA</Unicode><This>00A600C200A1</This></Map>
<Map><Unicode>0BB00BCA</Unicode><This>00A600C300A1</This></Map>
<Map><Unicode>0BB20BCA</Unicode><This>00A600C400A1</This></Map>
<Map><Unicode>0BB50BCA</Unicode><This>00A600C500A1</This></Map>
<Map><Unicode>0BB40BCA</Unicode><This>00A600C600A1</This></Map>
<Map><Unicode>0BB10BCA</Unicode><This>00A600C800A1</This></Map>
<Map><Unicode>0BA90BCA</Unicode><This>00A600C900A1</This></Map>
<Map><Unicode>0BB80BCA</Unicode><This>00A6202600A1</This></Map>
<Map><Unicode>0BB70BCA</Unicode><This>00A6201E00A1</This></Map>
<Map><Unicode>0B9C0BCA</Unicode><This>00A6019200A1</This></Map>
<Map><Unicode>0BB90BCA</Unicode><This>00A6202000A1</This></Map>
<Map><Unicode>0BB80BCA</Unicode><This>00A6008500A1</This></Map>
<Map><Unicode>0BB70BCA</Unicode><This>00A6008400A1</This></Map>
<Map><Unicode>0B9C0BCA</Unicode><This>00A6008300A1</This></Map>
<Map><Unicode>0BB90BCA</Unicode><This>00A6008600A1</This></Map>
<Map><Unicode>0B950BCB</Unicode><This>00A700B800A1</This></Map>
<Map><Unicode>0B990BCB</Unicode><This>00A700B900A1</This></Map>
<Map><Unicode>0B9A0BCB</Unicode><This>00A700BA00A1</This></Map>
<Map><Unicode>0B9E0BCB</Unicode><This>00A700BB00A1</This></Map>
<Map><Unicode>0B9F0BCB</Unicode><This>00A700BC00A1</This></Map>
<Map><Unicode>0BA30BCB</Unicode><This>00A700BD00A1</This></Map>
<Map><Unicode>0BA40BCB</Unicode><This>00A700BE00A1</This></Map>
<Map><Unicode>0BA80BCB</Unicode><This>00A700BF00A1</This></Map>
<Map><Unicode>0BAA0BCB</Unicode><This>00A700C000A1</This></Map>
<Map><Unicode>0BAE0BCB</Unicode><This>00A700C100A1</This></Map>
<Map><Unicode>0BAF0BCB</Unicode><This>00A700C200A1</This></Map>
<Map><Unicode>0BB00BCB</Unicode><This>00A700C300A1</This></Map>
<Map><Unicode>0BB20BCB</Unicode><This>00A700C400A1</This></Map>
<Map><Unicode>0BB50BCB</Unicode><This>00A700C500A1</This></Map>
<Map><Unicode>0BB40BCB</Unicode><This>00A700C600A1</This></Map>
<Map><Unicode>0BB10BCB</Unicode><This>00A700C800A1</This></Map>
<Map><Unicode>0BA90BCB</Unicode><This>00A700C900A1</This></Map>
<Map><Unicode>0BB80BCB</Unicode><This>00A7202600A1</This></Map>
<Map><Unicode>0BB70BCB</Unicode><This>00A7201E00A1</This></Map>
<Map><Unicode>0B9C0BCB</Unicode><This>00A7019200A1</This></Map>
<Map><Unicode>0BB90BCB</Unicode><This>00A7202000A1</This></Map>
<Map><Unicode>0BB80BCB</Unicode><This>00A7008500A1</This></Map>
<Map><Unicode>0BB70BCB</Unicode><This>00A7008400A1</This></Map>
<Map><Unicode>0B9C0BCB</Unicode><This>00A7008300A1</This></Map>
<Map><Unicode>0BB90BCB</Unicode><This>00A7008600A1</This></Map>
<Map><Unicode>0B950BCC</Unicode><This>00A600B800AA</This></Map>
<Map><Unicode>0B990BCC</Unicode><This>00A600B900AA</This></Map>
<Map><Unicode>0B9A0BCC</Unicode><This>00A600BA00AA</This></Map>
<Map><Unicode>0B9E0BCC</Unicode><This>00A600BB00AA</This></Map>
<Map><Unicode>0B9F0BCC</Unicode><This>00A600BC00AA</This></Map>
<Map><Unicode>0BA30BCC</Unicode><This>00A600BD00AA</This></Map>
<Map><Unicode>0BA40BCC</Unicode><This>00A600BE00AA</This></Map>
<Map><Unicode>0BA80BCC</Unicode><This>00A600BF00AA</This></Map>
<Map><Unicode>0BAA0BCC</Unicode><This>00A600C000AA</This></Map>
<Map><Unicode>0BAE0BCC</Unicode><This>00A600C100AA</This></Map>
<Map><Unicode>0BAF0BCC</Unicode><This>00A600C200AA</This></Map>
<Map><Unicode>0BB00BCC</Unicode><This>00A600C300AA</This></Map>
<Map><Unicode>0BB20BCC</Unicode><This>00A600C400AA</This></Map>
<Map><Unicode>0BB50BCC</Unicode><This>00A600C500AA</This></Map>
<Map><Unicode>0BB40BCC</Unicode><This>00A600C600AA</This></Map>
<Map><Unicode>0BB30BCC</Unicode><This>00A600C700AA</This></Map>
<Map><Unicode>0BB30BCC</Unicode><This>00A600AA00AA</This></Map>
<Map><Unicode>0BB10BCC</Unicode><This>00A600C800AA</This></Map>
<Map><Unicode>0BA90BCC</Unicode><This>00A600C900AA</This></Map>
<Map><Unicode>0BB80BCC</Unicode><This>00A6202600AA</This></Map>
<Map><Unicode>0BB70BCC</Unicode><This>00A6201E00AA</This></Map>
<Map><Unicode>0B9C0BCC</Unicode><This>00A6019200AA</This></Map>
<Map><Unicode>0BB90BCC</Unicode><This>00A6202000AA</This></Map>
<Map><Unicode>0BB80BCC</Unicode><This>00A6008500AA</This></Map>
<Map><Unicode>0BB70BCC</Unicode><This>00A6008400AA</This></Map>
<Map><Unicode>0B9C0BCC</Unicode><This>00A6008300AA</This></Map>
<Map><Unicode>0BB90BCC</Unicode><This>00A6008600AA</This></Map>
<Map><Unicode>0B950BCD0BB70BC7</Unicode><This>00A72021</This></Map>
<Map><Unicode>0B950BCD0BB70BC8</Unicode><This>00A82021</This></Map>
<Map><Unicode>0B950BCD0BB70BBE</Unicode><This>202100A1</This></Map>
<Map><Unicode>0B950BCD0BB70BBF</Unicode><This>202100A2</This></Map>
<Map><Unicode>0B950BCD0BB70BC1</Unicode><This>202100A4</This></Map>
<Map><Unicode>0B950BCD0BB70BC2</Unicode><This>202100A5</This></Map>
<Map><Unicode>0B950BCD0BB70BC6</Unicode><This>00A62021</This></Map>
<Map><Unicode>0B950BCD0BB70BC0</Unicode><This>202100A3</This></Map>
<Map><Unicode>0B950BCD0BB70BC7</Unicode><This>00A70087</This></Map>
<Map><Unicode>0B950BCD0BB70BC8</Unicode><This>00A80087</This></Map>
<Map><Unicode>0B950BCD0BB70BBE</Unicode><This>008700A1</This></Map>
<Map><Unicode>0B950BCD0BB70BBF</Unicode><This>008700A2</This></Map>
<Map><Unicode>0B950BCD0BB70BC1</Unicode><This>008700A4</This></Map>
<Map><Unicode>0B950BCD0BB70BC2</Unicode><This>008700A5</This></Map>
<Map><Unicode>0B950BCD0BB70BC6</Unicode><This>00A60087</This></Map>
<Map><Unicode>0B950BCD0BB70BC0</Unicode><This>008700A3</This></Map>
<Map><Unicode>0B950BBE</Unicode><This>00B800A1</This></Map>
<Map><Unicode>0B990BBE</Unicode><This>00B900A1</This></Map>
<Map><Unicode>0B9A0BBE</Unicode><This>00BA00A1</This></Map>
<Map><Unicode>0B9E0BBE</Unicode><This>00BB00A1</This></Map>
<Map><Unicode>0B9F0BBE</Unicode><This>00BC00A1</This></Map>
<Map><Unicode>0BA30BBE</Unicode><This>00BD00A1</This></Map>
<Map><Unicode>0BA40BBE</Unicode><This>00BE00A1</This></Map>
<Map><Unicode>0BA80BBE</Unicode><This>00BF00A1</This></Map>
<Map><Unicode>0BAA0BBE</Unicode><This>00C000A1</This></Map>
<Map><Unicode>0BAE0BBE</Unicode><This>00C100A1</This></Map>
<Map><Unicode>0BAF0BBE</Unicode><This>00C200A1</This></Map>
<Map><Unicode>0BB00BBE</Unicode><This>00C300A1</This></Map>
<Map><Unicode>0BB20BBE</Unicode><This>00C400A1</This></Map>
<Map><Unicode>0BB50BBE</Unicode><This>00C500A1</This></Map>
<Map><Unicode>0BB40BBE</Unicode><This>00C600A1</This></Map>
<Map><Unicode>0BB10BBE</Unicode><This>00C800A1</This></Map>
<Map><Unicode>0BA90BBE</Unicode><This>00C900A1</This></Map>
<Map><Unicode>0BB80BBE</Unicode><This>202600A1</This></Map>
<Map><Unicode>0BB70BBE</Unicode><This>201E00A1</This></Map>
<Map><Unicode>0B9C0BBE</Unicode><This>019200A1</This></Map>
<Map><Unicode>0BB90BBE</Unicode><This>202000A1</This></Map>
<Map><Unicode>0BB80BBE</Unicode><This>008500A1</This></Map>
<Map><Unicode>0BB70BBE</Unicode><This>008400A1</This></Map>
<Map><Unicode>0B9C0BBE</Unicode><This>008300A1</This></Map>
<Map><Unicode>0BB90BBE</Unicode><This>008600A1</This></Map>
<Map><Unicode>0B950BBF</Unicode><This>00B800A2</This></Map>
<Map><Unicode>0B990BBF</Unicode><This>00B900A2</This></Map>
<Map><Unicode>0B9A0BBF</Unicode><This>00BA00A2</This></Map>
<Map><Unicode>0B9E0BBF</Unicode><This>00BB00A2</This></Map>
<Map><Unicode>0BA30BBF</Unicode><This>00BD00A2</This></Map>
<Map><Unicode>0BA40BBF</Unicode><This>00BE00A2</This></Map>
<Map><Unicode>0BA80BBF</Unicode><This>00BF00A2</This></Map>
<Map><Unicode>0BAA0BBF</Unicode><This>00C000A2</This></Map>
<Map><Unicode>0BAE0BBF</Unicode><This>00C100A2</This></Map>
<Map><Unicode>0BAF0BBF</Unicode><This>00C200A2</This></Map>
<Map><Unicode>0BB00BBF</Unicode><This>00C300A2</This></Map>
<Map><Unicode>0BB20BBF</Unicode><This>00C400A2</This></Map>
<Map><Unicode>0BB50BBF</Unicode><This>00C500A2</This></Map>
<Map><Unicode>0BB40BBF</Unicode><This>00C600A2</This></Map>
<Map><Unicode>0BB10BBF</Unicode><This>00C800A2</This></Map>
<Map><Unicode>0BA90BBF</Unicode><This>00C900A2</This></Map>
<Map><Unicode>0BB80BBF</Unicode><This>202600A2</This></Map>
<Map><Unicode>0BB70BBF</Unicode><This>201E00A2</This></Map>
<Map><Unicode>0B9C0BBF</Unicode><This>019200A2</This></Map>
<Map><Unicode>0BB90BBF</Unicode><This>202000A2</This></Map>
<Map><Unicode>0BB80BBF</Unicode><This>008500A2</This></Map>
<Map><Unicode>0BB70BBF</Unicode><This>008400A2</This></Map>
<Map><Unicode>0B9C0BBF</Unicode><This>008300A2</This></Map>
<Map><Unicode>0BB90BBF</Unicode><This>008600A2</This></Map>
<Map><Unicode>0B950BC0</Unicode><This>00B800A3</This></Map>
<Map><Unicode>0B990BC0</Unicode><This>00B900A3</This></Map>
<Map><Unicode>0B9A0BC0</Unicode><This>00BA00A3</This></Map>
<Map><Unicode>0B9E0BC0</Unicode><This>00BB00A3</This></Map>
<Map><Unicode>0BA30BC0</Unicode><This>00BD00A3</This></Map>
<Map><Unicode>0BA40BC0</Unicode><This>00BE00A3</This></Map>
<Map><Unicode>0BA80BC0</Unicode><This>00BF00A3</This></Map>
<Map><Unicode>0BAA0BC0</Unicode><This>00C000A3</This></Map>
<Map><Unicode>0BAE0BC0</Unicode><This>00C100A3</This></Map>
<Map><Unicode>0BAF0BC0</Unicode><This>00C200A3</This></Map>
<Map><Unicode>0BB00BC0</Unicode><This>00C300A3</This></Map>
<Map><Unicode>0BB20BC0</Unicode><This>00C400A3</This></Map>
<Map><Unicode>0BB50BC0</Unicode><This>00C500A3</This></Map>
<Map><Unicode>0BB40BC0</Unicode><This>00C600A3</This></Map>
<Map><Unicode>0BB10BC0</Unicode><This>00C800A3</This></Map>
<Map><Unicode>0BA90BC0</Unicode><This>00C900A3</This></Map>
<Map><Unicode>0BB80BC0</Unicode><This>202600A3</This></Map>
<Map><Unicode>0BB70BC0</Unicode><This>201E00A3</This></Map>
<Map><Unicode>0B9C0BC0</Unicode><This>019200A3</This></Map>
<Map><Unicode>0BB90BC0</Unicode><This>202000A3</This></Map>
<Map><Unicode>0BB80BC1</Unicode><This>202600A4</This></Map>
<Map><Unicode>0BB70BC1</Unicode><This>201E00A4</This></Map>
<Map><Unicode>0B9C0BC1</Unicode><This>019200A4</This></Map>
<Map><Unicode>0BB90BC1</Unicode><This>202000A4</This></Map>
<Map><Unicode>0BB80BC2</Unicode><This>202600A5</This></Map>
<Map><Unicode>0BB70BC2</Unicode><This>201E00A5</This></Map>
<Map><Unicode>0B9C0BC2</Unicode><This>019200A5</This></Map>
<Map><Unicode>0BB90BC2</Unicode><This>202000A5</This></Map>
<Map><Unicode>0BB80BC0</Unicode><This>008500A3</This></Map>
<Map><Unicode>0BB70BC0</Unicode><This>008400A3</This></Map>
<Map><Unicode>0B9C0BC0</Unicode><This>008300A3</This></Map>
<Map><Unicode>0BB90BC0</Unicode><This>008600A3</This></Map>
<Map><Unicode>0BB80BC1</Unicode><This>008500A4</This></Map>
<Map><Unicode>0BB70BC1</Unicode><This>008400A4</This></Map>
<Map><Unicode>0B9C0BC1</Unicode><This>008300A4</This></Map>
<Map><Unicode>0BB90BC1</Unicode><This>008600A4</This></Map>
<Map><Unicode>0BB80BC2</Unicode><This>008500A5</This></Map>
<Map><Unicode>0BB70BC2</Unicode><This>008400A5</This></Map>
<Map><Unicode>0B9C0BC2</Unicode><This>008300A5</This></Map>
<Map><Unicode>0BB90BC2</Unicode><This>008600A5</This></Map>
<Map><Unicode>0B950BC6</Unicode><This>00A600B8</This></Map>
<Map><Unicode>0B990BC6</Unicode><This>00A600B9</This></Map>
<Map><Unicode>0B9A0BC6</Unicode><This>00A600BA</This></Map>
<Map><Unicode>0B9E0BC6</Unicode><This>00A600BB</This></Map>
<Map><Unicode>0B9F0BC6</Unicode><This>00A600BC</This></Map>
<Map><Unicode>0BA30BC6</Unicode><This>00A600BD</This></Map>
<Map><Unicode>0BA40BC6</Unicode><This>00A600BE</This></Map>
<Map><Unicode>0BA80BC6</Unicode><This>00A600BF</This></Map>
<Map><Unicode>0BAA0BC6</Unicode><This>00A600C0</This></Map>
<Map><Unicode>0BAE0BC6</Unicode><This>00A600C1</This></Map>
<Map><Unicode>0BAF0BC6</Unicode><This>00A600C2</This></Map>
<Map><Unicode>0BB00BC6</Unicode><This>00A600C3</This></Map>
<Map><Unicode>0BB20BC6</Unicode><This>00A600C4</This></Map>
<Map><Unicode>0BB50BC6</Unicode><This>00A600C5</This></Map>
<Map><Unicode>0BB40BC6</Unicode><This>00A600C6</This></Map>
<Map><Unicode>0BB30BC6</Unicode><This>00A600C7</This></Map>
<Map><Unicode>0BB30BC6</Unicode><This>00A600AA</This></Map>
<Map><Unicode>0BB10BC6</Unicode><This>00A600C8</This></Map>
<Map><Unicode>0BA90BC6</Unicode><This>00A600C9</This></Map>
<Map><Unicode>0BB80BC6</Unicode><This>00A62026</This></Map>
<Map><Unicode>0BB70BC6</Unicode><This>00A6201E</This></Map>
<Map><Unicode>0B9C0BC6</Unicode><This>00A60192</This></Map>
<Map><Unicode>0BB90BC6</Unicode><This>00A62020</This></Map>
<Map><Unicode>0BB80BC6</Unicode><This>00A60085</This></Map>
<Map><Unicode>0BB70BC6</Unicode><This>00A60084</This></Map>
<Map><Unicode>0B9C0BC6</Unicode><This>00A60083</This></Map>
<Map><Unicode>0BB90BC6</Unicode><This>00A60086</This></Map>
<Map><Unicode>0B950BC7</Unicode><This>00A700B8</This></Map>
<Map><Unicode>0B990BC7</Unicode><This>00A700B9</This></Map>
<Map><Unicode>0B9A0BC7</Unicode><This>00A700BA</This></Map>
<Map><Unicode>0B9E0BC7</Unicode><This>00A700BB</This></Map>
<Map><Unicode>0B9F0BC7</Unicode><This>00A700BC</This></Map>
<Map><Unicode>0BA30BC7</Unicode><This>00A700BD</This></Map>
<Map><Unicode>0BA40BC7</Unicode><This>00A700BE</This></Map>
<Map><Unicode>0BA80BC7</Unicode><This>00A700BF</This></Map>
<Map><Unicode>0BAA0BC7</Unicode><This>00A700C0</This></Map>
<Map><Unicode>0BAE0BC7</Unicode><This>00A700C1</This></Map>
<Map><Unicode>0BAF0BC7</Unicode><This>00A700C2</This></Map>
<Map><Unicode>0BB00BC7</Unicode><This>00A700C3</This></Map>
<Map><Unicode>0BB20BC7</Unicode><This>00A700C4</This></Map>
<Map><Unicode>0BB50BC7</Unicode><This>00A700C5</This></Map>
<Map><Unicode>0BB40BC7</Unicode><This>00A700C6</This></Map>
<Map><Unicode>0BB30BC7</Unicode><This>00A700C7</This></Map>
<Map><Unicode>0BB30BC7</Unicode><This>00A700AA</This></Map>
<Map><Unicode>0BB10BC7</Unicode><This>00A700C8</This></Map>
<Map><Unicode>0BA90BC7</Unicode><This>00A700C9</This></Map>
<Map><Unicode>0BB80BC7</Unicode><This>00A72026</This></Map>
<Map><Unicode>0BB70BC7</Unicode><This>00A7201E</This></Map>
<Map><Unicode>0B9C0BC7</Unicode><This>00A70192</This></Map>
<Map><Unicode>0BB90BC7</Unicode><This>00A72020</This></Map>
<Map><Unicode>0BB80BC7</Unicode><This>00A70085</This></Map>
<Map><Unicode>0BB70BC7</Unicode><This>00A70084</This></Map>
<Map><Unicode>0B9C0BC7</Unicode><This>00A70083</This></Map>
<Map><Unicode>0BB90BC7</Unicode><This>00A70086</This></Map>
<Map><Unicode>0B950BC8</Unicode><This>00A800B8</This></Map>
<Map><Unicode>0B990BC8</Unicode><This>00A800B9</This></Map>
<Map><Unicode>0B9A0BC8</Unicode><This>00A800BA</This></Map>
<Map><Unicode>0B9E0BC8</Unicode><This>00A800BB</This></Map>
<Map><Unicode>0B9F0BC8</Unicode><This>00A800BC</This></Map>
<Map><Unicode>0BA30BC8</Unicode><This>00A800BD</This></Map>
<Map><Unicode>0BA40BC8</Unicode><This>00A800BE</This></Map>
<Map><Unicode>0BA80BC8</Unicode><This>00A800BF</This></Map>
<Map><Unicode>0BAA0BC8</Unicode><This>00A800C0</This></Map>
<Map><Unicode>0BAE0BC8</Unicode><This>00A800C1</This></Map>
<Map><Unicode>0BAF0BC8</Unicode><This>00A800C2</This></Map>
<Map><Unicode>0BB00BC8</Unicode><This>00A800C3</This></Map>
<Map><Unicode>0BB20BC8</Unicode><This>00A800C4</This></Map>
<Map><Unicode>0BB50BC8</Unicode><This>00A800C5</This></Map>
<Map><Unicode>0BB40BC8</Unicode><This>00A800C6</This></Map>
<Map><Unicode>0BB30BC8</Unicode><This>00A800C7</This></Map>
<Map><Unicode>0BB30BC8</Unicode><This>00A800AA</This></Map>
<Map><Unicode>0BB10BC8</Unicode><This>00A800C8</This></Map>
<Map><Unicode>0BA90BC8</Unicode><This>00A800C9</This></Map>
<Map><Unicode>0BB80BC8</Unicode><This>00A82026</This></Map>
<Map><Unicode>0BB70BC8</Unicode><This>00A8201E</This></Map>
<Map><Unicode>0B9C0BC8</Unicode><This>00A80192</This></Map>
<Map><Unicode>0BB90BC8</Unicode><This>00A82020</This></Map>
<Map><Unicode>0BB80BC8</Unicode><This>00A80085</This></Map>
<Map><Unicode>0BB70BC8</Unicode><This>00A80084</This></Map>
<Map><Unicode>0B9C0BC8</Unicode><This>00A80083</This></Map>
<Map><Unicode>0BB90BC8</Unicode><This>00A80086</This></Map>
<Map><Unicode>0BB80BCD0BB00BC0</Unicode><This>201A</This></Map>
<Map><Unicode>0B950BCD0BB70BCD</Unicode><This>0152</This></Map>
<Map><Unicode>0B950BCD0BB7</Unicode><This>2021</This></Map>
<Map><Unicode>0BB80BCD0BB00BC0</Unicode><This>0082</This></Map>
<Map><Unicode>0B950BCD0BB70BCD</Unicode><This>008C</This></Map>
<Map><Unicode>0B950BCD0BB7</Unicode><This>0087</This></Map>
<Map><Unicode>0B950BCD</Unicode><This>00EC</This></Map>
<Map><Unicode>0B990BCD</Unicode><This>00ED</This></Map>
<Map><Unicode>0B9A0BCD</Unicode><This>00EE</This></Map>
<Map><Unicode>0B9E0BCD</Unicode><This>00EF</This></Map>
<Map><Unicode>0B9F0BCD</Unicode><This>00F0</This></Map>
<Map><Unicode>0BA30BCD</Unicode><This>00F1</This></Map>
<Map><Unicode>0BA40BCD</Unicode><This>00F2</This></Map>
<Map><Unicode>0BA80BCD</Unicode><This>00F3</This></Map>
<Map><Unicode>0BAA0BCD</Unicode><This>00F4</This></Map>
<Map><Unicode>0BAE0BCD</Unicode><This>00F5</This></Map>
<Map><Unicode>0BAF0BCD</Unicode><This>00F6</This></Map>
<Map><Unicode>0BB00BCD</Unicode><This>00F7</This></Map>
<Map><Unicode>0BB20BCD</Unicode><This>00F8</This></Map>
<Map><Unicode>0BB50BCD</Unicode><This>00F9</This></Map>
<Map><Unicode>0BB40BCD</Unicode><This>00FA</This></Map>
<Map><Unicode>0BB30BCD</Unicode><This>00FB</This></Map>
<Map><Unicode>0BB10BCD</Unicode><This>00FC</This></Map>
<Map><Unicode>0BA90BCD</Unicode><This>00FD</This></Map>
<Map><Unicode>0BB80BCD</Unicode><This>0160</This></Map>
<Map><Unicode>0BB70BCD</Unicode><This>2030</This></Map>
<Map><Unicode>0B9C0BCD</Unicode><This>02C6</This></Map>
<Map><Unicode>0BB90BCD</Unicode><This>2039</This></Map>
<Map><Unicode>0BB80BCD</Unicode><This>008A</This></Map>
<Map><Unicode>0BB70BCD</Unicode><This>0089</This></Map>
<Map><Unicode>0B9C0BCD</Unicode><This>0088</This></Map>
<Map><Unicode>0BB90BCD</Unicode><This>008B</This></Map>
<Map><Unicode>0B9F0BBF</Unicode><This>00CA</This></Map>
<Map><Unicode>0B9F0BC0</Unicode><This>00CB</This></Map>
<Map><Unicode>0B950BC1</Unicode><This>00CC</This></Map>
<Map><Unicode>0B990BC1</Unicode><This>2122</This></Map>
<Map><Unicode>0B990BC1</Unicode><This>0099</This></Map>
<Map><Unicode>0B9A0BC1</Unicode><This>00CD</This></Map>
<Map><Unicode>0B9E0BC1</Unicode><This>0161</This></Map>
<Map><Unicode>0B9E0BC1</Unicode><This>009A</This></Map>
<Map><Unicode>0B9F0BC1</Unicode><This>00CE</This></Map>
<Map><Unicode>0BA30BC1</Unicode><This>00CF</This></Map>
<Map><Unicode>0BA40BC1</Unicode><This>00D0</This></Map>
<Map><Unicode>0BA80BC1</Unicode><This>00D1</This></Map>
<Map><Unicode>0BAA0BC1</Unicode><This>00D2</This></Map>
<Map><Unicode>0BAE0BC1</Unicode><This>00D3</This></Map>
<Map><Unicode>0BAF0BC1</Unicode><This>00D4</This></Map>
<Map><Unicode>0BB00BC1</Unicode><This>00D5</This></Map>
<Map><Unicode>0BB20BC1</Unicode><This>00D6</This></Map>
<Map><Unicode>0BB50BC1</Unicode><This>00D7</This></Map>
<Map><Unicode>0BB40BC1</Unicode><This>00D8</This></Map>
<Map><Unicode>0BB30BC1</Unicode><This>00D9</This></Map>
<Map><Unicode>0BB10BC1</Unicode><This>00DA</This></Map>
<Map><Unicode>0BA90BC1</Unicode><This>00DB</This></Map>
<Map><Unicode>0B950BC2</Unicode><This>00DC</This></Map>
<Map><Unicode>0B990BC2</Unicode><This>203A</This></Map>
<Map><Unicode>0B990BC2</Unicode><This>009B</This></Map>
<Map><Unicode>0B9A0BC2</Unicode><This>00DD</This></Map>
<Map><Unicode>0B9E0BC2</Unicode><This>0153</This></Map>
<Map><Unicode>0B9E0BC2</Unicode><This>009C</This></Map>
<Map><Unicode>0B9F0BC2</Unicode><This>00DE</This></Map>
<Map><Unicode>0BA30BC2</Unicode><This>00DF</This></Map>
<Map><Unicode>0BA40BC2</Unicode><This>00E0</This></Map>
<Map><Unicode>0BA80BC2</Unicode><This>00E1</This></Map>
<Map><Unicode>0BAA0BC2</Unicode><This>00E2</This></Map>
<Map><Unicode>0BAE0BC2</Unicode><This>00E3</This></Map>
<Map><Unicode>0BAF0BC2</Unicode><This>00E4</This></Map>
<Map><Unicode>0BB00BC2</Unicode><This>00E5</This></Map>
<Map><Unicode>0BB20BC2</Unicode><This>00E6</This></Map>
<Map><Unicode>0BB50BC2</Unicode><This>00E7</This></Map>
<Map><Unicode>0BB40BC2</Unicode><This>00E8</This></Map>
<Map><Unicode>0BB30BC2</Unicode><This>00E9</This></Map>
<Map><Unicode>0BB10BC2</Unicode><This>00EA</This></Map>
<Map><Unicode>0BA90BC2</Unicode><This>00EB</This></Map>
<Map><Unicode>0B85</Unicode><This>00AB</This></Map>
<Map><Unicode>0B86</Unicode><This>00AC</This></Map>
<Map><Unicode>0B87</Unicode><This>00FE</This></Map>
<Map><Unicode>0B87</Unicode><This>00AD</This></Map>
<Map><Unicode>0B88</Unicode><This>00AE</This></Map>
<Map><Unicode>0B89</Unicode><This>00AF</This></Map>
<Map><Unicode>0B8A</Unicode><This>00B0</This></Map>
<Map><Unicode>0B8E</Unicode><This>00B1</This></Map>
<Map><Unicode>0B8F</Unicode><This>00B2</This></Map>
<Map><Unicode>0B90</Unicode><This>00B3</This></Map>
<Map><Unicode>0B92</Unicode><This>00B4</This></Map>
<Map><Unicode>0B93</Unicode><This>00B5</This></Map>
<Map><Unicode>0B94</Unicode><This>00B6</This></Map>
<Map><Unicode>0B83</Unicode><This>00B7</This></Map>
<Map><Unicode>0B83</Unicode><This>2022</This></Map>
<Map><Unicode>0B95</Unicode><This>00B8</This></Map>
<Map><Unicode>0B99</Unicode><This>00B9</This></Map>
<Map><Unicode>0B9A</Unicode><This>00BA</This></Map>
<Map><Unicode>0B9E</Unicode><This>00BB</This></Map>
<Map><Unicode>0B9F</Unicode><This>00BC</This></Map>
<Map><Unicode>0BA3</Unicode><This>00BD</This></Map>
<Map><Unicode>0BA4</Unicode><This>00BE</This></Map>
<Map><Unicode>0BA8</Unicode><This>00BF</This></Map>
<Map><Unicode>0BAA</Unicode><This>00C0</This></Map>
<Map><Unicode>0BAE</Unicode><This>00C1</This></Map>
<Map><Unicode>0BAF</Unicode><This>00C2</This></Map>
<Map><Unicode>0BB0</Unicode><This>00C3</This></Map>
<Map><Unicode>0BB2</Unicode><This>00C4</This></Map>
<Map><Unicode>0BB5</Unicode><This>00C5</This></Map>
<Map><Unicode>0BB4</Unicode><This>00C6</This></Map>
<Map><Unicode>0BB3</Unicode><This>00C7</This></Map>
<Map><Unicode>0BB3</Unicode><This>00AA</This></Map>
<Map><Unicode>0BB1</Unicode><This>00C8</This></Map>
<Map><Unicode>0BA9</Unicode><This>00C9</This></Map>
<Map><Unicode>0BB8</Unicode><This>2026</This></Map>
<Map><Unicode>0BB7</Unicode><This>201E</This></Map>
<Map><Unicode>0B9C</Unicode><This>0192</This></Map>
<Map><Unicode>0BB9</Unicode><This>2020</This></Map>
<Map><Unicode>0BB8</Unicode><This>0085</This></Map>
<Map><Unicode>0BB7</Unicode><This>0084</This></Map>
<Map><Unicode>0B9C</Unicode><This>0083</This></Map>
<Map><Unicode>0BB9</Unicode><This>0086</This></Map>
<Map><Unicode>0021</Unicode><This>0021</This></Map>
<Map><Unicode>0022</Unicode><This>0022</This></Map>
<Map><Unicode>0023</Unicode><This>0023</This></Map>
<Map><Unicode>0024</Unicode><This>0024</This></Map>
<Map><Unicode>0025</Unicode><This>0025</This></Map>
<Map><Unicode>0026</Unicode><This>0026</This></Map>
<Map><Unicode>0027</Unicode><This>0027</This></Map>
<Map><Unicode>0028</Unicode><This>0028</This></Map>
<Map><Unicode>0029</Unicode><This>0029</This></Map>
<Map><Unicode>002A</Unicode><This>002A</This></Map>
<Map><Unicode>002B</Unicode><This>002B</This></Map>
<Map><Unicode>002C</Unicode><This>002C</This></Map>
<Map><Unicode>002D</Unicode><This>002D</This></Map>
<Map><Unicode>002E</Unicode><This>002E</This></Map>
<Map><Unicode>002F</Unicode><This>002F</This></Map>
<Map><Unicode>0030</Unicode><This>0030</This></Map>
<Map><Unicode>0031</Unicode><This>0031</This></Map>
<Map><Unicode>0032</Unicode><This>0032</This></Map>
<Map><Unicode>0033</Unicode><This>0033</This></Map>
<Map><Unicode>0034</Unicode><This>0034</This></Map>
<Map><Unicode>0035</Unicode><This>0035</This></Map>
<Map><Unicode>0036</Unicode><This>0036</This></Map>
<Map><Unicode>0037</Unicode><This>0037</This></Map>
<Map><Unicode>0038</Unicode><This>0038</This></Map>
<Map><Unicode>0039</Unicode><This>0039</This></Map>
<Map><Unicode>003A</Unicode><This>003A</This></Map>
<Map><Unicode>003B</Unicode><This>003B</This></Map>
<Map><Unicode>003C</Unicode><This>003C</This></Map>
<Map><Unicode>003D</Unicode><This>003D</This></Map>
<Map><Unicode>003E</Unicode><This>003E</This></Map>
<Map><Unicode>003F</Unicode><This>003F</This></Map>
<Map><Unicode>0040</Unicode><This>0040</This></Map>
<Map><Unicode>005B</Unicode><This>005B</This></Map>
<Map><Unicode>005C</Unicode><This>005C</This></Map>
<Map><Unicode>005D</Unicode><This>005D</This></Map>
<Map><Unicode>005E</Unicode><This>005E</This></Map>
<Map><Unicode>005F</Unicode><This>005F</This></Map>
<Map><Unicode>0060</Unicode><This>0060</This></Map>
<Map><Unicode>007B</Unicode><This>007B</This></Map>
<Map><Unicode>007C</Unicode><This>007C</This></Map>
<Map><Unicode>007D</Unicode><This>007D</This></Map>
<Map><Unicode>007E</Unicode><This>007E</This></Map>
<Map><Unicode>201C</Unicode><This>201C</This></Map>
<Map><Unicode>201D</Unicode><This>201D</This></Map>
<Map><Unicode>2018</Unicode><This>2018</This></Map>
<Map><Unicode>0027</Unicode><This>2019</This></Map>
<Map><Unicode>201C</Unicode><This>0093</This></Map>
<Map><Unicode>201D</Unicode><This>0094</This></Map>
<Map><Unicode>2018</Unicode><This>0091</This></Map>
<Map><Unicode>0027</Unicode><This>0092</This></Map>
</Table>