<?xml version="1.0"?>
<Table>
<Map><Unicode>0021</Unicode><This>0021</This></Map>
<Map><Unicode>0022</Unicode><This>0022</This></Map>
<Map><Unicode>0023</Unicode><This>0023</This></Map>
<Map><Unicode>0024</Unicode><This>0024</This></Map>
<Map><Unicode>0025</Unicode><This>0025</This></Map>
<Map><Unicode>0026</Unicode><This>0026</This></Map>
<Map><Unicode>0027</Unicode><This>0027</This></Map>
<Map><Unicode>0028</Unicode><This>0028</This></Map>
<Map><Unicode>0029</Unicode><This>0029</This></Map>
<Map><Unicode>002A</Unicode><This>002A</This></Map>
<Map><Unicode>002B</Unicode><This>002B</This></Map>
<Map><Unicode>002C</Unicode><This>002C</This></Map>
<Map><Unicode>002D</Unicode><This>002D</This></Map>
<Map><Unicode>002E</Unicode><This>002E</This></Map>
<Map><Unicode>002F</Unicode><This>002F</This></Map>
<Map><Unicode>0030</Unicode><This>0030</This></Map>
<Map><Unicode>0031</Unicode><This>0031</This></Map>
<Map><Unicode>0032</Unicode><This>0032</This></Map>
<Map><Unicode>0033</Unicode><This>0033</This></Map>
<Map><Unicode>0034</Unicode><This>0034</This></Map>
<Map><Unicode>0035</Unicode><This>0035</This></Map>
<Map><Unicode>0036</Unicode><This>0036</This></Map>
<Map><Unicode>0037</Unicode><This>0037</This></Map>
<Map><Unicode>0038</Unicode><This>0038</This></Map>
<Map><Unicode>0039</Unicode><This>0039</This></Map>
<Map><Unicode>003A</Unicode><This>003A</This></Map>
<Map><Unicode>003B</Unicode><This>003B</This></Map>
<Map><Unicode>003C</Unicode><This>003C</This></Map>
<Map><Unicode>003D</Unicode><This>003D</This></Map>
<Map><Unicode>003E</Unicode><This>003E</This></Map>
<Map><Unicode>003F</Unicode><This>003F</This></Map>
<Map><Unicode>0040</Unicode><This>0040</This></Map>
<Map><Unicode>005B</Unicode><This>005B</This></Map>
<Map><Unicode>005C</Unicode><This>005C</This></Map>
<Map><Unicode>005D</Unicode><This>005D</This></Map>
<Map><Unicode>005E</Unicode><This>005E</This></Map>
<Map><Unicode>005F</Unicode><This>005F</This></Map>
<Map><Unicode>0060</Unicode><This>0060</This></Map>
<Map><Unicode>007B</Unicode><This>007B</This></Map>
<Map><Unicode>007C</Unicode><This>007C</This></Map>
<Map><Unicode>007D</Unicode><This>007D</This></Map>
<Map><Unicode>007E</Unicode><This>007E</This></Map>
<Map><Unicode>201C</Unicode><This>201C</This></Map>
<Map><Unicode>201D</Unicode><This>201D</This></Map>
<Map><Unicode>2018</Unicode><This>2018</This></Map>
<Map><Unicode>2019</Unicode><This>2019</This></Map>
<Map><Unicode>0BCA</Unicode><This>0BCA</This></Map>
<Map><Unicode>0BCB</Unicode><This>0BCB</This></Map>
<Map><Unicode>0BCC</Unicode><This>0BCC</This></Map>
<Map><Unicode>0B94</Unicode><This>0B94</This></Map>
<Map><Unicode>0BCA</Unicode><This>0BC60BBE</This></Map>
<Map><Unicode>0BCB</Unicode><This>0BC70BBE</This></Map>
<Map><Unicode>0BCC</Unicode><This>0BC60BD7</This></Map>
<Map><Unicode>0B94</Unicode><This>0B920BD7</This></Map>
<Map><Unicode>0B950BCD0BB70BC0</Unicode><This>0B950BCD0BB70BC0</This></Map>
<Map><Unicode>0B950BCD0BB70BC7</Unicode><This>0B950BCD0BB70BC7</This></Map>
<Map><Unicode>0B950BCD0BB70BC8</Unicode><This>0B950BCD0BB70BC8</This></Map>
<Map><Unicode>0B950BCD0BB70BCA</Unicode><This>0B950BCD0BB70BCA</This></Map>
<Map><Unicode>0B950BCD0BB70BCB</Unicode><This>0B950BCD0BB70BCB</This></Map>
<Map><Unicode>0BB80BCD0BB00BC0</Unicode><This>0BB80BCD0BB00BC0</This></Map>
<Map><Unicode>0B950BCD0BB70BCD</Unicode><This>0B950BCD0BB70BCD</This></Map>
<Map><Unicode>0B950BCD0BB70BBE</Unicode><This>0B950BCD0BB70BBE</This></Map>
<Map><Unicode>0B950BCD0BB70BBF</Unicode><This>0B950BCD0BB70BBF</This></Map>
<Map><Unicode>0B950BCD0BB70BC1</Unicode><This>0B950BCD0BB70BC1</This></Map>
<Map><Unicode>0B950BCD0BB70BC2</Unicode><This>0B950BCD0BB70BC2</This></Map>
<Map><Unicode>0B950BCD0BB70BC6</Unicode><This>0B950BCD0BB70BC6</This></Map>
<Map><Unicode>0B950BCD0BB70BCC</Unicode><This>0B950BCD0BB70BCC</This></Map>
<Map><Unicode>0B950BCD0BB7</Unicode><This>0B950BCD0BB7</This></Map>
<Map><Unicode>0B950BCD</Unicode><This>0B950BCD</This></Map>
<Map><Unicode>0B990BCD</Unicode><This>0B990BCD</This></Map>
<Map><Unicode>0B9A0BCD</Unicode><This>0B9A0BCD</This></Map>
<Map><Unicode>0B9E0BCD</Unicode><This>0B9E0BCD</This></Map>
<Map><Unicode>0B9F0BCD</Unicode><This>0B9F0BCD</This></Map>
<Map><Unicode>0BA30BCD</Unicode><This>0BA30BCD</This></Map>
<Map><Unicode>0BA40BCD</Unicode><This>0BA40BCD</This></Map>
<Map><Unicode>0BA80BCD</Unicode><This>0BA80BCD</This></Map>
<Map><Unicode>0BAA0BCD</Unicode><This>0BAA0BCD</This></Map>
<Map><Unicode>0BAE0BCD</Unicode><This>0BAE0BCD</This></Map>
<Map><Unicode>0BAF0BCD</Unicode><This>0BAF0BCD</This></Map>
<Map><Unicode>0BB00BCD</Unicode><This>0BB00BCD</This></Map>
<Map><Unicode>0BB20BCD</Unicode><This>0BB20BCD</This></Map>
<Map><Unicode>0BB50BCD</Unicode><This>0BB50BCD</This></Map>
<Map><Unicode>0BB40BCD</Unicode><This>0BB40BCD</This></Map>
<Map><Unicode>0BB30BCD</Unicode><This>0BB30BCD</This></Map>
<Map><Unicode>0BB10BCD</Unicode><This>0BB10BCD</This></Map>
<Map><Unicode>0BA90BCD</Unicode><This>0BA90BCD</This></Map>
<Map><Unicode>0BB80BCD</Unicode><This>0BB80BCD</This></Map>
<Map><Unicode>0BB70BCD</Unicode><This>0BB70BCD</This></Map>
<Map><Unicode>0B9C0BCD</Unicode><This>0B9C0BCD</This></Map>
<Map><Unicode>0BB90BCD</Unicode><This>0BB90BCD</This></Map>
<Map><Unicode>0B950BBE</Unicode><This>0B950BBE</This></Map>
<Map><Unicode>0B990BBE</Unicode><This>0B990BBE</This></Map>
<Map><Unicode>0B9A0BBE</Unicode><This>0B9A0BBE</This></Map>
<Map><Unicode>0B9E0BBE</Unicode><This>0B9E0BBE</This></Map>
<Map><Unicode>0B9F0BBE</Unicode><This>0B9F0BBE</This></Map>
<Map><Unicode>0BA30BBE</Unicode><This>0BA30BBE</This></Map>
<Map><Unicode>0BA40BBE</Unicode><This>0BA40BBE</This></Map>
<Map><Unicode>0BA80BBE</Unicode><This>0BA80BBE</This></Map>
<Map><Unicode>0BAA0BBE</Unicode><This>0BAA0BBE</This></Map>
<Map><Unicode>0BAE0BBE</Unicode><This>0BAE0BBE</This></Map>
<Map><Unicode>0BAF0BBE</Unicode><This>0BAF0BBE</This></Map>
<Map><Unicode>0BB00BBE</Unicode><This>0BB00BBE</This></Map>
<Map><Unicode>0BB20BBE</Unicode><This>0BB20BBE</This></Map>
<Map><Unicode>0BB50BBE</Unicode><This>0BB50BBE</This></Map>
<Map><Unicode>0BB40BBE</Unicode><This>0BB40BBE</This></Map>
<Map><Unicode>0BB30BBE</Unicode><This>0BB30BBE</This></Map>
<Map><Unicode>0BB10BBE</Unicode><This>0BB10BBE</This></Map>
<Map><Unicode>0BA90BBE</Unicode><This>0BA90BBE</This></Map>
<Map><Unicode>0BB80BBE</Unicode><This>0BB80BBE</This></Map>
<Map><Unicode>0BB70BBE</Unicode><This>0BB70BBE</This></Map>
<Map><Unicode>0B9C0BBE</Unicode><This>0B9C0BBE</This></Map>
<Map><Unicode>0BB90BBE</Unicode><This>0BB90BBE</This></Map>
<Map><Unicode>0B950BBF</Unicode><This>0B950BBF</This></Map>
<Map><Unicode>0B990BBF</Unicode><This>0B990BBF</This></Map>
<Map><Unicode>0B9A0BBF</Unicode><This>0B9A0BBF</This></Map>
<Map><Unicode>0B9E0BBF</Unicode><This>0B9E0BBF</This></Map>
<Map><Unicode>0B9F0BBF</Unicode><This>0B9F0BBF</This></Map>
<Map><Unicode>0BA30BBF</Unicode><This>0BA30BBF</This></Map>
<Map><Unicode>0BA40BBF</Unicode><This>0BA40BBF</This></Map>
<Map><Unicode>0BA80BBF</Unicode><This>0BA80BBF</This></Map>
<Map><Unicode>0BAA0BBF</Unicode><This>0BAA0BBF</This></Map>
<Map><Unicode>0BAE0BBF</Unicode><This>0BAE0BBF</This></Map>
<Map><Unicode>0BAF0BBF</Unicode><This>0BAF0BBF</This></Map>
<Map><Unicode>0BB00BBF</Unicode><This>0BB00BBF</This></Map>
<Map><Unicode>0BB20BBF</Unicode><This>0BB20BBF</This></Map>
<Map><Unicode>0BB50BBF</Unicode><This>0BB50BBF</This></Map>
<Map><Unicode>0BB40BBF</Unicode><This>0BB40BBF</This></Map>
<Map><Unicode>0BB30BBF</Unicode><This>0BB30BBF</This></Map>
<Map><Unicode>0BB10BBF</Unicode><This>0BB10BBF</This></Map>
<Map><Unicode>0BA90BBF</Unicode><This>0BA90BBF</This></Map>
<Map><Unicode>0BB80BBF</Unicode><This>0BB80BBF</This></Map>
<Map><Unicode>0BB70BBF</Unicode><This>0BB70BBF</This></Map>
<Map><Unicode>0B9C0BBF</Unicode><This>0B9C0BBF</This></Map>
<Map><Unicode>0BB90BBF</Unicode><This>0BB90BBF</This></Map>
<Map><Unicode>0B950BC0</Unicode><This>0B950BC0</This></Map>
<Map><Unicode>0B990BC0</Unicode><This>0B990BC0</This></Map>
<Map><Unicode>0B9A0BC0</Unicode><This>0B9A0BC0</This></Map>
<Map><Unicode>0B9E0BC0</Unicode><This>0B9E0BC0</This></Map>
<Map><Unicode>0B9F0BC0</Unicode><This>0B9F0BC0</This></Map>
<Map><Unicode>0BA30BC0</Unicode><This>0BA30BC0</This></Map>
<Map><Unicode>0BA40BC0</Unicode><This>0BA40BC0</This></Map>
<Map><Unicode>0BA80BC0</Unicode><This>0BA80BC0</This></Map>
<Map><Unicode>0BAA0BC0</Unicode><This>0BAA0BC0</This></Map>
<Map><Unicode>0BAE0BC0</Unicode><This>0BAE0BC0</This></Map>
<Map><Unicode>0BAF0BC0</Unicode><This>0BAF0BC0</This></Map>
<Map><Unicode>0BB00BC0</Unicode><This>0BB00BC0</This></Map>
<Map><Unicode>0BB20BC0</Unicode><This>0BB20BC0</This></Map>
<Map><Unicode>0BB50BC0</Unicode><This>0BB50BC0</This></Map>
<Map><Unicode>0BB40BC0</Unicode><This>0BB40BC0</This></Map>
<Map><Unicode>0BB30BC0</Unicode><This>0BB30BC0</This></Map>
<Map><Unicode>0BB10BC0</Unicode><This>0BB10BC0</This></Map>
<Map><Unicode>0BA90BC0</Unicode><This>0BA90BC0</This></Map>
<Map><Unicode>0BB80BC0</Unicode><This>0BB80BC0</This></Map>
<Map><Unicode>0BB70BC0</Unicode><This>0BB70BC0</This></Map>
<Map><Unicode>0B9C0BC0</Unicode><This>0B9C0BC0</This></Map>
<Map><Unicode>0BB90BC0</Unicode><This>0BB90BC0</This></Map>
<Map><Unicode>0B950BC1</Unicode><This>0B950BC1</This></Map>
<Map><Unicode>0B990BC1</Unicode><This>0B990BC1</This></Map>
<Map><Unicode>0B9A0BC1</Unicode><This>0B9A0BC1</This></Map>
<Map><Unicode>0B9E0BC1</Unicode><This>0B9E0BC1</This></Map>
<Map><Unicode>0B9F0BC1</Unicode><This>0B9F0BC1</This></Map>
<Map><Unicode>0BA30BC1</Unicode><This>0BA30BC1</This></Map>
<Map><Unicode>0BA40BC1</Unicode><This>0BA40BC1</This></Map>
<Map><Unicode>0BA80BC1</Unicode><This>0BA80BC1</This></Map>
<Map><Unicode>0BAA0BC1</Unicode><This>0BAA0BC1</This></Map>
<Map><Unicode>0BAE0BC1</Unicode><This>0BAE0BC1</This></Map>
<Map><Unicode>0BAF0BC1</Unicode><This>0BAF0BC1</This></Map>
<Map><Unicode>0BB00BC1</Unicode><This>0BB00BC1</This></Map>
<Map><Unicode>0BB20BC1</Unicode><This>0BB20BC1</This></Map>
<Map><Unicode>0BB50BC1</Unicode><This>0BB50BC1</This></Map>
<Map><Unicode>0BB40BC1</Unicode><This>0BB40BC1</This></Map>
<Map><Unicode>0BB30BC1</Unicode><This>0BB30BC1</This></Map>
<Map><Unicode>0BB10BC1</Unicode><This>0BB10BC1</This></Map>
<Map><Unicode>0BA90BC1</Unicode><This>0BA90BC1</This></Map>
<Map><Unicode>0BB80BC1</Unicode><This>0BB80BC1</This></Map>
<Map><Unicode>0BB70BC1</Unicode><This>0BB70BC1</This></Map>
<Map><Unicode>0B9C0BC1</Unicode><This>0B9C0BC1</This></Map>
<Map><Unicode>0BB90BC1</Unicode><This>0BB90BC1</This></Map>
<Map><Unicode>0B950BC2</Unicode><This>0B950BC2</This></Map>
<Map><Unicode>0B990BC2</Unicode><This>0B990BC2</This></Map>
<Map><Unicode>0B9A0BC2</Unicode><This>0B9A0BC2</This></Map>
<Map><Unicode>0B9E0BC2</Unicode><This>0B9E0BC2</This></Map>
<Map><Unicode>0B9F0BC2</Unicode><This>0B9F0BC2</This></Map>
<Map><Unicode>0BA30BC2</Unicode><This>0BA30BC2</This></Map>
<Map><Unicode>0BA40BC2</Unicode><This>0BA40BC2</This></Map>
<Map><Unicode>0BA80BC2</Unicode><This>0BA80BC2</This></Map>
<Map><Unicode>0BAA0BC2</Unicode><This>0BAA0BC2</This></Map>
<Map><Unicode>0BAE0BC2</Unicode><This>0BAE0BC2</This></Map>
<Map><Unicode>0BAF0BC2</Unicode><This>0BAF0BC2</This></Map>
<Map><Unicode>0BB00BC2</Unicode><This>0BB00BC2</This></Map>
<Map><Unicode>0BB20BC2</Unicode><This>0BB20BC2</This></Map>
<Map><Unicode>0BB50BC2</Unicode><This>0BB50BC2</This></Map>
<Map><Unicode>0BB40BC2</Unicode><This>0BB40BC2</This></Map>
<Map><Unicode>0BB30BC2</Unicode><This>0BB30BC2</This></Map>
<Map><Unicode>0BB10BC2</Unicode><This>0BB10BC2</This></Map>
<Map><Unicode>0BA90BC2</Unicode><This>0BA90BC2</This></Map>
<Map><Unicode>0BB80BC2</Unicode><This>0BB80BC2</This></Map>
<Map><Unicode>0BB70BC2</Unicode><This>0BB70BC2</This></Map>
<Map><Unicode>0B9C0BC2</Unicode><This>0B9C0BC2</This></Map>
<Map><Unicode>0BB90BC2</Unicode><This>0BB90BC2</This></Map>
<Map><Unicode>0B950BC6</Unicode><This>0B950BC6</This></Map>
<Map><Unicode>0B990BC6</Unicode><This>0B990BC6</This></Map>
<Map><Unicode>0B9A0BC6</Unicode><This>0B9A0BC6</This></Map>
<Map><Unicode>0B9E0BC6</Unicode><This>0B9E0BC6</This></Map>
<Map><Unicode>0B9F0BC6</Unicode><This>0B9F0BC6</This></Map>
<Map><Unicode>0BA30BC6</Unicode><This>0BA30BC6</This></Map>
<Map><Unicode>0BA40BC6</Unicode><This>0BA40BC6</This></Map>
<Map><Unicode>0BA80BC6</Unicode><This>0BA80BC6</This></Map>
<Map><Unicode>0BAA0BC6</Unicode><This>0BAA0BC6</This></Map>
<Map><Unicode>0BAE0BC6</Unicode><This>0BAE0BC6</This></Map>
<Map><Unicode>0BAF0BC6</Unicode><This>0BAF0BC6</This></Map>
<Map><Unicode>0BB00BC6</Unicode><This>0BB00BC6</This></Map>
<Map><Unicode>0BB20BC6</Unicode><This>0BB20BC6</This></Map>
<Map><Unicode>0BB50BC6</Unicode><This>0BB50BC6</This></Map>
<Map><Unicode>0BB40BC6</Unicode><This>0BB40BC6</This></Map>
<Map><Unicode>0BB30BC6</Unicode><This>0BB30BC6</This></Map>
<Map><Unicode>0BB10BC6</Unicode><This>0BB10BC6</This></Map>
<Map><Unicode>0BA90BC6</Unicode><This>0BA90BC6</This></Map>
<Map><Unicode>0BB80BC6</Unicode><This>0BB80BC6</This></Map>
<Map><Unicode>0BB70BC6</Unicode><This>0BB70BC6</This></Map>
<Map><Unicode>0B9C0BC6</Unicode><This>0B9C0BC6</This></Map>
<Map><Unicode>0BB90BC6</Unicode><This>0BB90BC6</This></Map>
<Map><Unicode>0B950BC7</Unicode><This>0B950BC7</This></Map>
<Map><Unicode>0B990BC7</Unicode><This>0B990BC7</This></Map>
<Map><Unicode>0B9A0BC7</Unicode><This>0B9A0BC7</This></Map>
<Map><Unicode>0B9E0BC7</Unicode><This>0B9E0BC7</This></Map>
<Map><Unicode>0B9F0BC7</Unicode><This>0B9F0BC7</This></Map>
<Map><Unicode>0BA30BC7</Unicode><This>0BA30BC7</This></Map>
<Map><Unicode>0BA40BC7</Unicode><This>0BA40BC7</This></Map>
<Map><Unicode>0BA80BC7</Unicode><This>0BA80BC7</This></Map>
<Map><Unicode>0BAA0BC7</Unicode><This>0BAA0BC7</This></Map>
<Map><Unicode>0BAE0BC7</Unicode><This>0BAE0BC7</This></Map>
<Map><Unicode>0BAF0BC7</Unicode><This>0BAF0BC7</This></Map>
<Map><Unicode>0BB00BC7</Unicode><This>0BB00BC7</This></Map>
<Map><Unicode>0BB20BC7</Unicode><This>0BB20BC7</This></Map>
<Map><Unicode>0BB50BC7</Unicode><This>0BB50BC7</This></Map>
<Map><Unicode>0BB40BC7</Unicode><This>0BB40BC7</This></Map>
<Map><Unicode>0BB30BC7</Unicode><This>0BB30BC7</This></Map>
<Map><Unicode>0BB10BC7</Unicode><This>0BB10BC7</This></Map>
<Map><Unicode>0BA90BC7</Unicode><This>0BA90BC7</This></Map>
<Map><Unicode>0BB80BC7</Unicode><This>0BB80BC7</This></Map>
<Map><Unicode>0BB70BC7</Unicode><This>0BB70BC7</This></Map>
<Map><Unicode>0B9C0BC7</Unicode><This>0B9C0BC7</This></Map>
<Map><Unicode>0BB90BC7</Unicode><This>0BB90BC7</This></Map>
<Map><Unicode>0B950BC8</Unicode><This>0B950BC8</This></Map>
<Map><Unicode>0B990BC8</Unicode><This>0B990BC8</This></Map>
<Map><Unicode>0B9A0BC8</Unicode><This>0B9A0BC8</This></Map>
<Map><Unicode>0B9E0BC8</Unicode><This>0B9E0BC8</This></Map>
<Map><Unicode>0B9F0BC8</Unicode><This>0B9F0BC8</This></Map>
<Map><Unicode>0BA30BC8</Unicode><This>0BA30BC8</This></Map>
<Map><Unicode>0BA40BC8</Unicode><This>0BA40BC8</This></Map>
<Map><Unicode>0BA80BC8</Unicode><This>0BA80BC8</This></Map>
<Map><Unicode>0BAA0BC8</Unicode><This>0BAA0BC8</This></Map>
<Map><Unicode>0BAE0BC8</Unicode><This>0BAE0BC8</This></Map>
<Map><Unicode>0BAF0BC8</Unicode><This>0BAF0BC8</This></Map>
<Map><Unicode>0BB00BC8</Unicode><This>0BB00BC8</This></Map>
<Map><Unicode>0BB20BC8</Unicode><This>0BB20BC8</This></Map>
<Map><Unicode>0BB50BC8</Unicode><This>0BB50BC8</This></Map>
<Map><Unicode>0BB40BC8</Unicode><This>0BB40BC8</This></Map>
<Map><Unicode>0BB30BC8</Unicode><This>0BB30BC8</This></Map>
<Map><Unicode>0BB10BC8</Unicode><This>0BB10BC8</This></Map>
<Map><Unicode>0BA90BC8</Unicode><This>0BA90BC8</This></Map>
<Map><Unicode>0BB80BC8</Unicode><This>0BB80BC8</This></Map>
<Map><Unicode>0BB70BC8</Unicode><This>0BB70BC8</This></Map>
<Map><Unicode>0B9C0BC8</Unicode><This>0B9C0BC8</This></Map>
<Map><Unicode>0BB90BC8</Unicode><This>0BB90BC8</This></Map>
<Map><Unicode>0B950BCA</Unicode><This>0B950BCA</This></Map>
<Map><Unicode>0B990BCA</Unicode><This>0B990BCA</This></Map>
<Map><Unicode>0B9A0BCA</Unicode><This>0B9A0BCA</This></Map>
<Map><Unicode>0B9E0BCA</Unicode><This>0B9E0BCA</This></Map>
<Map><Unicode>0B9F0BCA</Unicode><This>0B9F0BCA</This></Map>
<Map><Unicode>0BA30BCA</Unicode><This>0BA30BCA</This></Map>
<Map><Unicode>0BA40BCA</Unicode><This>0BA40BCA</This></Map>
<Map><Unicode>0BA80BCA</Unicode><This>0BA80BCA</This></Map>
<Map><Unicode>0BAA0BCA</Unicode><This>0BAA0BCA</This></Map>
<Map><Unicode>0BAE0BCA</Unicode><This>0BAE0BCA</This></Map>
<Map><Unicode>0BAF0BCA</Unicode><This>0BAF0BCA</This></Map>
<Map><Unicode>0BB00BCA</Unicode><This>0BB00BCA</This></Map>
<Map><Unicode>0BB20BCA</Unicode><This>0BB20BCA</This></Map>
<Map><Unicode>0BB50BCA</Unicode><This>0BB50BCA</This></Map>
<Map><Unicode>0BB40BCA</Unicode><This>0BB40BCA</This></Map>
<Map><Unicode>0BB30BCA</Unicode><This>0BB30BCA</This></Map>
<Map><Unicode>0BB10BCA</Unicode><This>0BB10BCA</This></Map>
<Map><Unicode>0BA90BCA</Unicode><This>0BA90BCA</This></Map>
<Map><Unicode>0BB80BCA</Unicode><This>0BB80BCA</This></Map>
<Map><Unicode>0BB70BCA</Unicode><This>0BB70BCA</This></Map>
<Map><Unicode>0B9C0BCA</Unicode><This>0B9C0BCA</This></Map>
<Map><Unicode>0BB90BCA</Unicode><This>0BB90BCA</This></Map>
<Map><Unicode>0B950BCB</Unicode><This>0B950BCB</This></Map>
<Map><Unicode>0B990BCB</Unicode><This>0B990BCB</This></Map>
<Map><Unicode>0B9A0BCB</Unicode><This>0B9A0BCB</This></Map>
<Map><Unicode>0B9E0BCB</Unicode><This>0B9E0BCB</This></Map>
<Map><Unicode>0B9F0BCB</Unicode><This>0B9F0BCB</This></Map>
<Map><Unicode>0BA30BCB</Unicode><This>0BA30BCB</This></Map>
<Map><Unicode>0BA40BCB</Unicode><This>0BA40BCB</This></Map>
<Map><Unicode>0BA80BCB</Unicode><This>0BA80BCB</This></Map>
<Map><Unicode>0BAA0BCB</Unicode><This>0BAA0BCB</This></Map>
<Map><Unicode>0BAE0BCB</Unicode><This>0BAE0BCB</This></Map>
<Map><Unicode>0BAF0BCB</Unicode><This>0BAF0BCB</This></Map>
<Map><Unicode>0BB00BCB</Unicode><This>0BB00BCB</This></Map>
<Map><Unicode>0BB20BCB</Unicode><This>0BB20BCB</This></Map>
<Map><Unicode>0BB50BCB</Unicode><This>0BB50BCB</This></Map>
<Map><Unicode>0BB40BCB</Unicode><This>0BB40BCB</This></Map>
<Map><Unicode>0BB30BCB</Unicode><This>0BB30BCB</This></Map>
<Map><Unicode>0BB10BCB</Unicode><This>0BB10BCB</This></Map>
<Map><Unicode>0BA90BCB</Unicode><This>0BA90BCB</This></Map>
<Map><Unicode>0BB80BCB</Unicode><This>0BB80BCB</This></Map>
<Map><Unicode>0BB70BCB</Unicode><This>0BB70BCB</This></Map>
<Map><Unicode>0B9C0BCB</Unicode><This>0B9C0BCB</This></Map>
<Map><Unicode>0BB90BCB</Unicode><This>0BB90BCB</This></Map>
<Map><Unicode>0B950BCC</Unicode><This>0B950BCC</This></Map>
<Map><Unicode>0B990BCC</Unicode><This>0B990BCC</This></Map>
<Map><Unicode>0B9A0BCC</Unicode><This>0B9A0BCC</This></Map>
<Map><Unicode>0B9E0BCC</Unicode><This>0B9E0BCC</This></Map>
<Map><Unicode>0B9F0BCC</Unicode><This>0B9F0BCC</This></Map>
<Map><Unicode>0BA30BCC</Unicode><This>0BA30BCC</This></Map>
<Map><Unicode>0BA40BCC</Unicode><This>0BA40BCC</This></Map>
<Map><Unicode>0BA80BCC</Unicode><This>0BA80BCC</This></Map>
<Map><Unicode>0BAA0BCC</Unicode><This>0BAA0BCC</This></Map>
<Map><Unicode>0BAE0BCC</Unicode><This>0BAE0BCC</This></Map>
<Map><Unicode>0BAF0BCC</Unicode><This>0BAF0BCC</This></Map>
<Map><Unicode>0BB00BCC</Unicode><This>0BB00BCC</This></Map>
<Map><Unicode>0BB20BCC</Unicode><This>0BB20BCC</This></Map>
<Map><Unicode>0BB50BCC</Unicode><This>0BB50BCC</This></Map>
<Map><Unicode>0BB40BCC</Unicode><This>0BB40BCC</This></Map>
<Map><Unicode>0BB30BCC</Unicode><This>0BB30BCC</This></Map>
<Map><Unicode>0BB10BCC</Unicode><This>0BB10BCC</This></Map>
<Map><Unicode>0BA90BCC</Unicode><This>0BA90BCC</This></Map>
<Map><Unicode>0BB80BCC</Unicode><This>0BB80BCC</This></Map>
<Map><Unicode>0BB70BCC</Unicode><This>0BB70BCC</This></Map>
<Map><Unicode>0B9C0BCC</Unicode><This>0B9C0BCC</This></Map>
<Map><Unicode>0BB90BCC</Unicode><This>0BB90BCC</This></Map>
<Map><Unicode>0B85</Unicode><This>0B85</This></Map>
<Map><Unicode>0B86</Unicode><This>0B86</This></Map>
<Map><Unicode>0B87</Unicode><This>0B87</This></Map>
<Map><Unicode>0B88</Unicode><This>0B88</This></Map>
<Map><Unicode>0B89</Unicode><This>0B89</This></Map>
<Map><Unicode>0B8A</Unicode><This>0B8A</This></Map>
<Map><Unicode>0B8E</Unicode><This>0B8E</This></Map>
<Map><Unicode>0B8F</Unicode><This>0B8F</This></Map>
<Map><Unicode>0B90</Unicode><This>0B90</This></Map>
<Map><Unicode>0B92</Unicode><This>0B92</This></Map>
<Map><Unicode>0B93</Unicode><This>0B93</This></Map>
<Map><Unicode>0B94</Unicode><This>0B94</This></Map>
<Map><Unicode>0B83</Unicode><This>0B83</This></Map>
<Map><Unicode>0B95</Unicode><This>0B95</This></Map>
<Map><Unicode>0B99</Unicode><This>0B99</This></Map>
<Map><Unicode>0B9A</Unicode><This>0B9A</This></Map>
<Map><Unicode>0B9E</Unicode><This>0B9E</This></Map>
<Map><Unicode>0B9F</Unicode><This>0B9F</This></Map>
<Map><Unicode>0BA3</Unicode><This>0BA3</This></Map>
<Map><Unicode>0BA4</Unicode><This>0BA4</This></Map>
<Map><Unicode>0BA8</Unicode><This>0BA8</This></Map>
<Map><Unicode>0BAA</Unicode><This>0BAA</This></Map>
<Map><Unicode>0BAE</Unicode><This>0BAE</This></Map>
<Map><Unicode>0BAF</Unicode><This>0BAF</This></Map>
<Map><Unicode>0BB0</Unicode><This>0BB0</This></Map>
<Map><Unicode>0BB2</Unicode><This>0BB2</This></Map>
<Map><Unicode>0BB5</Unicode><This>0BB5</This></Map>
<Map><Unicode>0BB4</Unicode><This>0BB4</This></Map>
<Map><Unicode>0BB3</Unicode><This>0BB3</This></Map>
<Map><Unicode>0BB1</Unicode><This>0BB1</This></Map>
<Map><Unicode>0BA9</Unicode><This>0BA9</This></Map>
<Map><Unicode>0BB8</Unicode><This>0BB8</This></Map>
<Map><Unicode>0BB7</Unicode><This>0BB7</This></Map>
<Map><Unicode>0B9C</Unicode><This>0B9C</This></Map>
<Map><Unicode>0BB9</Unicode><This>0BB9</This></Map>
</Table>