<?xml version="1.0"?>
<Table>
<Map><Unicode>0BB30BCB</Unicode><This>00FA005B00F4</This></Map>
<Map><Unicode>0BB30BCA</Unicode><This>00F9005B00F4</This></Map>
<Map><Unicode>0BB30BBE</Unicode><This>005B00F4</This></Map>
<Map><Unicode>0BB30BBF</Unicode><This>00B0</This></Map>
<Map><Unicode>0BB30BC0</Unicode><This>00C7</This></Map>
<Map><Unicode>0BA30BCB</Unicode><This>00FA005100F4</This></Map>
<Map><Unicode>0BB20BCB</Unicode><This>00FA005800F4</This></Map>
<Map><Unicode>0BB10BCB</Unicode><This>00FA005C00F4</This></Map>
<Map><Unicode>0BB00BCB</Unicode><This>00FA005700F4</This></Map>
<Map><Unicode>0BB50BCB</Unicode><This>00FA005900F4</This></Map>
<Map><Unicode>0B9A0BCB</Unicode><This>00FA004E00F4</This></Map>
<Map><Unicode>0B9E0BCB</Unicode><This>00FA004F00F4</This></Map>
<Map><Unicode>0BB70BCB</Unicode><This>00FA006000F4</This></Map>
<Map><Unicode>0B9F0BCB</Unicode><This>00FA005000F4</This></Map>
<Map><Unicode>0BAE0BCB</Unicode><This>00FA005500F4</This></Map>
<Map><Unicode>0BA40BCB</Unicode><This>00FA005200F4</This></Map>
<Map><Unicode>0BB40BCB</Unicode><This>00FA005A00F4</This></Map>
<Map><Unicode>0BAA0BCB</Unicode><This>00FA005400F4</This></Map>
<Map><Unicode>0B950BCB</Unicode><This>00FA004C00F4</This></Map>
<Map><Unicode>0BA80BCB</Unicode><This>00FA005300F4</This></Map>
<Map><Unicode>0BA90BCB</Unicode><This>00FA005D00F4</This></Map>
<Map><Unicode>0B950BCD0BB70BCB</Unicode><This>00FA006200F4</This></Map>
<Map><Unicode>0BAF0BCB</Unicode><This>00FA005600F4</This></Map>
<Map><Unicode>0BB90BCB</Unicode><This>00FA006100F4</This></Map>
<Map><Unicode>0B990BCB</Unicode><This>00FA004D00F4</This></Map>
<Map><Unicode>0BB80BCB</Unicode><This>00FA005E00F4</This></Map>
<Map><Unicode>0B9C0BCB</Unicode><This>00FA005F00F4</This></Map>
<Map><Unicode>0BA30BCC</Unicode><This>00F90051005B</This></Map>
<Map><Unicode>0BA30BCA</Unicode><This>00F9005100F4</This></Map>
<Map><Unicode>0BB20BCC</Unicode><This>00F90058005B</This></Map>
<Map><Unicode>0BB20BCA</Unicode><This>00F9005800F4</This></Map>
<Map><Unicode>0BB10BCC</Unicode><This>00F9005C005B</This></Map>
<Map><Unicode>0BB10BCA</Unicode><This>00F9005C00F4</This></Map>
<Map><Unicode>0BB00BCC</Unicode><This>00F90057005B</This></Map>
<Map><Unicode>0BB00BCA</Unicode><This>00F9005700F4</This></Map>
<Map><Unicode>0BB50BCC</Unicode><This>00F90059005B</This></Map>
<Map><Unicode>0BB50BCA</Unicode><This>00F9005900F4</This></Map>
<Map><Unicode>0BB30BCC</Unicode><This>00F9005B005B</This></Map>
<Map><Unicode>0B9A0BCC</Unicode><This>00F9004E005B</This></Map>
<Map><Unicode>0B9A0BCA</Unicode><This>00F9004E00F4</This></Map>
<Map><Unicode>0B9E0BCC</Unicode><This>00F9004F005B</This></Map>
<Map><Unicode>0B9E0BCA</Unicode><This>00F9004F00F4</This></Map>
<Map><Unicode>0BB70BCC</Unicode><This>00F90060005B</This></Map>
<Map><Unicode>0BB70BCA</Unicode><This>00F9006000F4</This></Map>
<Map><Unicode>0B9F0BCC</Unicode><This>00F90050005B</This></Map>
<Map><Unicode>0B9F0BCA</Unicode><This>00F9005000F4</This></Map>
<Map><Unicode>0BAE0BCC</Unicode><This>00F90055005B</This></Map>
<Map><Unicode>0BAE0BCA</Unicode><This>00F9005500F4</This></Map>
<Map><Unicode>0BA40BCC</Unicode><This>00F90052005B</This></Map>
<Map><Unicode>0BA40BCA</Unicode><This>00F9005200F4</This></Map>
<Map><Unicode>0BB40BCC</Unicode><This>00F9005A005B</This></Map>
<Map><Unicode>0BB40BCA</Unicode><This>00F9005A00F4</This></Map>
<Map><Unicode>0BAA0BCC</Unicode><This>00F90054005B</This></Map>
<Map><Unicode>0BAA0BCA</Unicode><This>00F9005400F4</This></Map>
<Map><Unicode>0B950BCC</Unicode><This>00F9004C005B</This></Map>
<Map><Unicode>0B950BCA</Unicode><This>00F9004C00F4</This></Map>
<Map><Unicode>0BA80BCC</Unicode><This>00F90053005B</This></Map>
<Map><Unicode>0BA80BCA</Unicode><This>00F9005300F4</This></Map>
<Map><Unicode>0BA90BCC</Unicode><This>00F9005D005B</This></Map>
<Map><Unicode>0BA90BCA</Unicode><This>00F9005D00F4</This></Map>
<Map><Unicode>0B950BCD0BB70BCC</Unicode><This>00F90062005B</This></Map>
<Map><Unicode>0B950BCD0BB70BCA</Unicode><This>00F9006200F4</This></Map>
<Map><Unicode>0BAF0BCC</Unicode><This>00F90056005B</This></Map>
<Map><Unicode>0BB90BCC</Unicode><This>00F90061005B</This></Map>
<Map><Unicode>0BAF0BCA</Unicode><This>00F9005600F4</This></Map>
<Map><Unicode>0BB90BCA</Unicode><This>00F9006100F4</This></Map>
<Map><Unicode>0B990BCC</Unicode><This>00F9004D005B</This></Map>
<Map><Unicode>0B990BCA</Unicode><This>00F9004D00F4</This></Map>
<Map><Unicode>0BB80BCC</Unicode><This>00F9005E005B</This></Map>
<Map><Unicode>0BB80BCA</Unicode><This>00F9005E00F4</This></Map>
<Map><Unicode>0B9C0BCC</Unicode><This>00F9005F005B</This></Map>
<Map><Unicode>0B9C0BCA</Unicode><This>00F9005F00F4</This></Map>
<Map><Unicode>0BA30BBE</Unicode><This>005100F4</This></Map>
<Map><Unicode>0BB20BBE</Unicode><This>005800F4</This></Map>
<Map><Unicode>0B94</Unicode><This>0049005B</This></Map>
<Map><Unicode>0BB10BBE</Unicode><This>005C00F4</This></Map>
<Map><Unicode>0BB00BBE</Unicode><This>005700F4</This></Map>
<Map><Unicode>0BB50BBE</Unicode><This>005900F4</This></Map>
<Map><Unicode>0B9A0BBE</Unicode><This>004E00F4</This></Map>
<Map><Unicode>0B9E0BBE</Unicode><This>004F00F4</This></Map>
<Map><Unicode>0BB70BBE</Unicode><This>006000F4</This></Map>
<Map><Unicode>0BB70BC2</Unicode><This>006000FE</This></Map>
<Map><Unicode>0BB70BC1</Unicode><This>006000FD</This></Map>
<Map><Unicode>0BA30BC7</Unicode><This>00FA0051</This></Map>
<Map><Unicode>0BB20BC7</Unicode><This>00FA0058</This></Map>
<Map><Unicode>0BB10BC7</Unicode><This>00FA005C</This></Map>
<Map><Unicode>0BB00BC7</Unicode><This>00FA0057</This></Map>
<Map><Unicode>0BB50BC7</Unicode><This>00FA0059</This></Map>
<Map><Unicode>0BB30BC7</Unicode><This>00FA005B</This></Map>
<Map><Unicode>0B9A0BC7</Unicode><This>00FA004E</This></Map>
<Map><Unicode>0B9E0BC7</Unicode><This>00FA004F</This></Map>
<Map><Unicode>0BB70BC7</Unicode><This>00FA0060</This></Map>
<Map><Unicode>0B9F0BC7</Unicode><This>00FA0050</This></Map>
<Map><Unicode>0BAE0BC7</Unicode><This>00FA0055</This></Map>
<Map><Unicode>0BA40BC7</Unicode><This>00FA0052</This></Map>
<Map><Unicode>0BB40BC7</Unicode><This>00FA005A</This></Map>
<Map><Unicode>0BAA0BC7</Unicode><This>00FA0054</This></Map>
<Map><Unicode>0B950BC7</Unicode><This>00FA004C</This></Map>
<Map><Unicode>0BA80BC7</Unicode><This>00FA0053</This></Map>
<Map><Unicode>0BA90BC7</Unicode><This>00FA005D</This></Map>
<Map><Unicode>0B950BCD0BB70BC7</Unicode><This>00FA0062</This></Map>
<Map><Unicode>0BAF0BC7</Unicode><This>00FA0056</This></Map>
<Map><Unicode>0BB90BC7</Unicode><This>00FA0061</This></Map>
<Map><Unicode>0B990BC7</Unicode><This>00FA004D</This></Map>
<Map><Unicode>0BB80BC7</Unicode><This>00FA005E</This></Map>
<Map><Unicode>0B9C0BC7</Unicode><This>00FA005F</This></Map>
<Map><Unicode>0B9F0BBE</Unicode><This>005000F4</This></Map>
<Map><Unicode>0BAE0BBE</Unicode><This>005500F4</This></Map>
<Map><Unicode>0BA40BBE</Unicode><This>005200F4</This></Map>
<Map><Unicode>0BA30BC8</Unicode><This>00FB0051</This></Map>
<Map><Unicode>0BB20BC8</Unicode><This>00FB0058</This></Map>
<Map><Unicode>0BB10BC8</Unicode><This>00FB005C</This></Map>
<Map><Unicode>0BB00BC8</Unicode><This>00FB0057</This></Map>
<Map><Unicode>0BB50BC8</Unicode><This>00FB0059</This></Map>
<Map><Unicode>0BB30BC8</Unicode><This>00FB005B</This></Map>
<Map><Unicode>0B9A0BC8</Unicode><This>00FB004E</This></Map>
<Map><Unicode>0B9E0BC8</Unicode><This>00FB004F</This></Map>
<Map><Unicode>0BB70BC8</Unicode><This>00FB0060</This></Map>
<Map><Unicode>0B9F0BC8</Unicode><This>00FB0050</This></Map>
<Map><Unicode>0BAE0BC8</Unicode><This>00FB0055</This></Map>
<Map><Unicode>0BA40BC8</Unicode><This>00FB0052</This></Map>
<Map><Unicode>0BB40BC8</Unicode><This>00FB005A</This></Map>
<Map><Unicode>0BAA0BC8</Unicode><This>00FB0054</This></Map>
<Map><Unicode>0B950BC8</Unicode><This>00FB004C</This></Map>
<Map><Unicode>0BA80BC8</Unicode><This>00FB0053</This></Map>
<Map><Unicode>0BA90BC8</Unicode><This>00FB005D</This></Map>
<Map><Unicode>0B950BCD0BB70BC8</Unicode><This>00FB0062</This></Map>
<Map><Unicode>0BAF0BC8</Unicode><This>00FB0056</This></Map>
<Map><Unicode>0BB90BC8</Unicode><This>00FB0061</This></Map>
<Map><Unicode>0B990BC8</Unicode><This>00FB004D</This></Map>
<Map><Unicode>0BB80BC8</Unicode><This>00FB005E</This></Map>
<Map><Unicode>0B9C0BC8</Unicode><This>00FB005F</This></Map>
<Map><Unicode>0BB40BBE</Unicode><This>005A00F4</This></Map>
<Map><Unicode>0BAA0BBE</Unicode><This>005400F4</This></Map>
<Map><Unicode>0B950BBE</Unicode><This>004C00F4</This></Map>
<Map><Unicode>0BA80BBE</Unicode><This>005300F4</This></Map>
<Map><Unicode>0BA90BBE</Unicode><This>005D00F4</This></Map>
<Map><Unicode>0BA30BC6</Unicode><This>00F90051</This></Map>
<Map><Unicode>0BB20BC6</Unicode><This>00F90058</This></Map>
<Map><Unicode>0BB10BC6</Unicode><This>00F9005C</This></Map>
<Map><Unicode>0BB00BC6</Unicode><This>00F90057</This></Map>
<Map><Unicode>0BB50BC6</Unicode><This>00F90059</This></Map>
<Map><Unicode>0BB30BC6</Unicode><This>00F9005B</This></Map>
<Map><Unicode>0B9A0BC6</Unicode><This>00F9004E</This></Map>
<Map><Unicode>0B9E0BC6</Unicode><This>00F9004F</This></Map>
<Map><Unicode>0BB70BC6</Unicode><This>00F90060</This></Map>
<Map><Unicode>0B9F0BC6</Unicode><This>00F90050</This></Map>
<Map><Unicode>0BAE0BC6</Unicode><This>00F90055</This></Map>
<Map><Unicode>0BA40BC6</Unicode><This>00F90052</This></Map>
<Map><Unicode>0B950BCD0BB70BBE</Unicode><This>006200F4</This></Map>
<Map><Unicode>0BB40BC6</Unicode><This>00F9005A</This></Map>
<Map><Unicode>0BAA0BC6</Unicode><This>00F90054</This></Map>
<Map><Unicode>0B950BC6</Unicode><This>00F9004C</This></Map>
<Map><Unicode>0BA80BC6</Unicode><This>00F90053</This></Map>
<Map><Unicode>0BA90BC6</Unicode><This>00F9005D</This></Map>
<Map><Unicode>0B950BCD0BB70BC6</Unicode><This>00F90062</This></Map>
<Map><Unicode>0BAF0BC6</Unicode><This>00F90056</This></Map>
<Map><Unicode>0BB90BC6</Unicode><This>00F90061</This></Map>
<Map><Unicode>0B990BC6</Unicode><This>00F9004D</This></Map>
<Map><Unicode>0B950BCD0BB70BC2</Unicode><This>006200FE</This></Map>
<Map><Unicode>0BB80BC6</Unicode><This>00F9005E</This></Map>
<Map><Unicode>0B950BCD0BB70BC1</Unicode><This>006200FD</This></Map>
<Map><Unicode>0B9C0BC6</Unicode><This>00F9005F</This></Map>
<Map><Unicode>0BAF0BBE</Unicode><This>005600F4</This></Map>
<Map><Unicode>0BB90BBE</Unicode><This>006100F4</This></Map>
<Map><Unicode>0BB90BC2</Unicode><This>006100FE</This></Map>
<Map><Unicode>0BB90BC1</Unicode><This>006100FD</This></Map>
<Map><Unicode>0B990BBE</Unicode><This>004D00F4</This></Map>
<Map><Unicode>0BB80BBE</Unicode><This>005E00F4</This></Map>
<Map><Unicode>0BB80BC2</Unicode><This>005E00FE</This></Map>
<Map><Unicode>0BB80BC1</Unicode><This>005E00FD</This></Map>
<Map><Unicode>0B9C0BBE</Unicode><This>005F00F4</This></Map>
<Map><Unicode>0B9C0BC2</Unicode><This>005F00FE</This></Map>
<Map><Unicode>0B9C0BC1</Unicode><This>005F00FD</This></Map>
<Map><Unicode>0022</Unicode><This>00220022</This></Map>
<Map><Unicode>201D</Unicode><This>20192019</This></Map>
<Map><Unicode>201D</Unicode><This>00920092</This></Map>
<Map><Unicode>0BB70BCD</Unicode><This>0078</This></Map>
<Map><Unicode>0BA3</Unicode><This>0051</This></Map>
<Map><Unicode>0BB30BCD</Unicode><This>0073</This></Map>
<Map><Unicode>0BB20BC2</Unicode><This>00ED</This></Map>
<Map><Unicode>0BB20BC1</Unicode><This>00DB</This></Map>
<Map><Unicode>0BB2</Unicode><This>0058</This></Map>
<Map><Unicode>0B92</Unicode><This>0049</This></Map>
<Map><Unicode>0B93</Unicode><This>004A</This></Map>
<Map><Unicode>0BB10BC1</Unicode><This>00DF</This></Map>
<Map><Unicode>0BB1</Unicode><This>005C</This></Map>
<Map><Unicode>0B8E</Unicode><This>0046</This></Map>
<Map><Unicode>0B8F</Unicode><This>0047</This></Map>
<Map><Unicode>0BA90BC0</Unicode><This>00C9</This></Map>
<Map><Unicode>0BA80BC2</Unicode><This>00E8</This></Map>
<Map><Unicode>0BAE0BC0</Unicode><This>00C1</This></Map>
<Map><Unicode>0BA30BC2</Unicode><This>00E6</This></Map>
<Map><Unicode>0BA30BC0</Unicode><This>00BD</This></Map>
<Map><Unicode>0BB10BC2</Unicode><This>00F1</This></Map>
<Map><Unicode>0BA80BC0</Unicode><This>00BF</This></Map>
<Map><Unicode>0B9E0BC2</Unicode><This>00E4</This></Map>
<Map><Unicode>0BB00BC1</Unicode><This>00DA</This></Map>
<Map><Unicode>0BB0</Unicode><This>0057</This></Map>
<Map><Unicode>0B950BC2</Unicode><This>00E1</This></Map>
<Map><Unicode>0BB5</Unicode><This>0059</This></Map>
<Map><Unicode>0BB00BC0</Unicode><This>00C3</This></Map>
<Map><Unicode>0B9E0BCD</Unicode><This>0067</This></Map>
<Map><Unicode>0BB20BCD</Unicode><This>0070</This></Map>
<Map><Unicode>0BB30BC1</Unicode><This>00DE</This></Map>
<Map><Unicode>0BB3</Unicode><This>005B</This></Map>
<Map><Unicode>0B9A0BC1</Unicode><This>00D1</This></Map>
<Map><Unicode>0B9A</Unicode><This>004E</This></Map>
<Map><Unicode>0BA30BC1</Unicode><This>00D4</This></Map>
<Map><Unicode>0BB30BC2</Unicode><This>00F0</This></Map>
<Map><Unicode>0BAF0BC0</Unicode><This>00C2</This></Map>
<Map><Unicode>0B9E</Unicode><This>004F</This></Map>
<Map><Unicode>0BAF0BCD</Unicode><This>006E</This></Map>
<Map><Unicode>0BB40BCD</Unicode><This>0072</This></Map>
<Map><Unicode>0B950BCD0BB70BBF</Unicode><This>00B7</This></Map>
<Map><Unicode>0B9E0BC0</Unicode><This>00BB</This></Map>
<Map><Unicode>0BAA0BC0</Unicode><This>00C0</This></Map>
<Map><Unicode>0BB7</Unicode><This>0060</This></Map>
<Map><Unicode>0BB10BC0</Unicode><This>00C8</This></Map>
<Map><Unicode>0BA40BC2</Unicode><This>00E7</This></Map>
<Map><Unicode>0BA40BC0</Unicode><This>00BE</This></Map>
<Map><Unicode>0BAF0BC2</Unicode><This>00EB</This></Map>
<Map><Unicode>0BAA0BC1</Unicode><This>00D7</This></Map>
<Map><Unicode>0B9A0BC0</Unicode><This>00BA</This></Map>
<Map><Unicode>0BAA0BC2</Unicode><This>00E9</This></Map>
<Map><Unicode>0B950BCD0BB70BCD</Unicode><This>007A</This></Map>
<Map><Unicode>0B9F0BBF</Unicode><This>00A5</This></Map>
<Map><Unicode>0B9F0BC0</Unicode><This>00BC</This></Map>
<Map><Unicode>0B950BC0</Unicode><This>00B8</This></Map>
<Map><Unicode>0BB50BC2</Unicode><This>00EE</This></Map>
<Map><Unicode>0B9A0BC2</Unicode><This>00E3</This></Map>
<Map><Unicode>0B85</Unicode><This>0040</This></Map>
<Map><Unicode>0B86</Unicode><This>0041</This></Map>
<Map><Unicode>0B9F0BC1</Unicode><This>00D3</This></Map>
<Map><Unicode>0B9F</Unicode><This>0050</This></Map>
<Map><Unicode>0BAE0BC1</Unicode><This>00D8</This></Map>
<Map><Unicode>0BAE</Unicode><This>0055</This></Map>
<Map><Unicode>0BA40BC1</Unicode><This>00D5</This></Map>
<Map><Unicode>0BA4</Unicode><This>0052</This></Map>
<Map><Unicode>0BB90BBF</Unicode><This>00B6</This></Map>
<Map><Unicode>0B87</Unicode><This>0042</This></Map>
<Map><Unicode>0BB70BBF</Unicode><This>00B5</This></Map>
<Map><Unicode>0BB50BC1</Unicode><This>00DC</This></Map>
<Map><Unicode>0B950BCD0BB70BC0</Unicode><This>00CE</This></Map>
<Map><Unicode>0BB80BBF</Unicode><This>00B3</This></Map>
<Map><Unicode>0B9C0BBF</Unicode><This>00B4</This></Map>
<Map><Unicode>0BAF0BC1</Unicode><This>00D9</This></Map>
<Map><Unicode>0B90</Unicode><This>0048</This></Map>
<Map><Unicode>0BB4</Unicode><This>005A</This></Map>
<Map><Unicode>0BB40BC1</Unicode><This>00DD</This></Map>
<Map><Unicode>0BAA</Unicode><This>0054</This></Map>
<Map><Unicode>0B950BC1</Unicode><This>00CF</This></Map>
<Map><Unicode>0B95</Unicode><This>004C</This></Map>
<Map><Unicode>0BB90BC0</Unicode><This>00CD</This></Map>
<Map><Unicode>0BB40BBF</Unicode><This>00AF</This></Map>
<Map><Unicode>0BB70BC0</Unicode><This>00CC</This></Map>
<Map><Unicode>0BB20BBF</Unicode><This>00AD</This></Map>
<Map><Unicode>0BB80BC0</Unicode><This>00CA</This></Map>
<Map><Unicode>0BB50BBF</Unicode><This>00AE</This></Map>
<Map><Unicode>0B9C0BC0</Unicode><This>00CB</This></Map>
<Map><Unicode>0BA80BC1</Unicode><This>00D6</This></Map>
<Map><Unicode>0BA8</Unicode><This>0053</This></Map>
<Map><Unicode>0BA90BC1</Unicode><This>00E0</This></Map>
<Map><Unicode>0BA9</Unicode><This>005D</This></Map>
<Map><Unicode>0BB00BBF</Unicode><This>00AC</This></Map>
<Map><Unicode>0B89</Unicode><This>0044</This></Map>
<Map><Unicode>0B8A</Unicode><This>0045</This></Map>
<Map><Unicode>0B950BCD0BB7</Unicode><This>0062</This></Map>
<Map><Unicode>0BAF0BBF</Unicode><This>00AB</This></Map>
<Map><Unicode>0BB40BC0</Unicode><This>00C6</This></Map>
<Map><Unicode>0BA90BBF</Unicode><This>00B2</This></Map>
<Map><Unicode>0BB50BC0</Unicode><This>00C5</This></Map>
<Map><Unicode>0BA80BBF</Unicode><This>00A8</This></Map>
<Map><Unicode>0BAA0BBF</Unicode><This>00A9</This></Map>
<Map><Unicode>0BAE0BBF</Unicode><This>00AA</This></Map>
<Map><Unicode>0BB20BC0</Unicode><This>00C4</This></Map>
<Map><Unicode>0BA30BBF</Unicode><This>00A6</This></Map>
<Map><Unicode>0BA40BBF</Unicode><This>00A7</This></Map>
<Map><Unicode>0BB90BCD</Unicode><This>0079</This></Map>
<Map><Unicode>0B990BBF</Unicode><This>00A2</This></Map>
<Map><Unicode>0B9A0BBF</Unicode><This>00A3</This></Map>
<Map><Unicode>0B9E0BBF</Unicode><This>00A4</This></Map>
<Map><Unicode>0BA80BCD</Unicode><This>006B</This></Map>
<Map><Unicode>0BAF</Unicode><This>0056</This></Map>
<Map><Unicode>0BB9</Unicode><This>0061</This></Map>
<Map><Unicode>0B990BC2</Unicode><This>00E2</This></Map>
<Map><Unicode>0B990BC1</Unicode><This>00D0</This></Map>
<Map><Unicode>0BB10BCD</Unicode><This>0074</This></Map>
<Map><Unicode>0B99</Unicode><This>004D</This></Map>
<Map><Unicode>0B990BC0</Unicode><This>00B9</This></Map>
<Map><Unicode>0BB80BCD</Unicode><This>0076</This></Map>
<Map><Unicode>0BB00BCD</Unicode><This>006F</This></Map>
<Map><Unicode>0BA30BCD</Unicode><This>0069</This></Map>
<Map><Unicode>0B990BCD</Unicode><This>0065</This></Map>
<Map><Unicode>0BAA0BCD</Unicode><This>006C</This></Map>
<Map><Unicode>0BA40BCD</Unicode><This>006A</This></Map>
<Map><Unicode>0B9F0BCD</Unicode><This>0068</This></Map>
<Map><Unicode>0B9A0BCD</Unicode><This>0066</This></Map>
<Map><Unicode>0B950BBF</Unicode><This>00A1</This></Map>
<Map><Unicode>0BAE0BCD</Unicode><This>006D</This></Map>
<Map><Unicode>0BB40BC2</Unicode><This>00EF</This></Map>
<Map><Unicode>003D</Unicode><This>003D</This></Map>
<Map><Unicode>0B88</Unicode><This>0043</This></Map>
<Map><Unicode>002B</Unicode><This>002B</This></Map>
<Map><Unicode>0BB50BCD</Unicode><This>0071</This></Map>
<Map><Unicode>0BA90BCD</Unicode><This>0075</This></Map>
<Map><Unicode>201C</Unicode><This>201C</This></Map>
<Map><Unicode>2019</Unicode><This>2019</This></Map>
<Map><Unicode>2018</Unicode><This>2018</This></Map>
<Map><Unicode>201C</Unicode><This>0093</This></Map>
<Map><Unicode>2019</Unicode><This>0092</This></Map>
<Map><Unicode>2018</Unicode><This>0091</This></Map>
<Map><Unicode>0BB10BBF</Unicode><This>00B1</This></Map>
<Map><Unicode>0B950BCD</Unicode><This>0064</This></Map>
<Map><Unicode>0B83</Unicode><This>004B</This></Map>
<Map><Unicode>0BA90BC2</Unicode><This>00F2</This></Map>
<Map><Unicode>0B9E0BC1</Unicode><This>00D2</This></Map>
<Map><Unicode>0B9C0BCD</Unicode><This>0077</This></Map>
<Map><Unicode>0BAE0BC2</Unicode><This>00EA</This></Map>
<Map><Unicode>0B9F0BC2</Unicode><This>00E5</This></Map>
<Map><Unicode>0BB8</Unicode><This>005E</This></Map>
<Map><Unicode>003F</Unicode><This>003F</This></Map>
<Map><Unicode>003B</Unicode><This>003B</This></Map>
<Map><Unicode>003A</Unicode><This>003A</This></Map>
<Map><Unicode>002F</Unicode><This>002F</This></Map>
<Map><Unicode>002E</Unicode><This>002E</This></Map>
<Map><Unicode>002C</Unicode><This>002C</This></Map>
<Map><Unicode>002A</Unicode><This>002A</This></Map>
<Map><Unicode>0029</Unicode><This>0029</This></Map>
<Map><Unicode>0028</Unicode><This>0028</This></Map>
<Map><Unicode>0BB00BC2</Unicode><This>00EC</This></Map>
<Map><Unicode>0BB80BCD0BB00BC0</Unicode><This>0063</This></Map>
<Map><Unicode>0B9C</Unicode><This>005F</This></Map>
<Map><Unicode>0021</Unicode><This>0021</This></Map>
<Map><Unicode>002D</Unicode><This>0023</This></Map>
<Map><Unicode>0027</Unicode><This>0027</This></Map>
<Map><Unicode>0039</Unicode><This>0039</This></Map>
<Map><Unicode>0038</Unicode><This>0038</This></Map>
<Map><Unicode>0037</Unicode><This>0037</This></Map>
<Map><Unicode>0036</Unicode><This>0036</This></Map>
<Map><Unicode>0035</Unicode><This>0035</This></Map>
<Map><Unicode>0034</Unicode><This>0034</This></Map>
<Map><Unicode>0033</Unicode><This>0033</This></Map>
<Map><Unicode>0032</Unicode><This>0032</This></Map>
<Map><Unicode>0031</Unicode><This>0031</This></Map>
<Map><Unicode>0030</Unicode><This>0030</This></Map>
<Map><Unicode>003C</Unicode><This>003C</This></Map>
<Map><Unicode>003E</Unicode><This>003E</This></Map>
<Map><Unicode>0024</Unicode><This>0024</This></Map>
<Map><Unicode>0025</Unicode><This>0025</This></Map>
<Map><Unicode>0026</Unicode><This>0026</This></Map>
</Table>